temperature,rain,wind_speed,hour,activity_label,activity_name
15,0,0,8,0,Outdoor
15,0,5,8,0,Outdoor
15,0,10,8,0,Outdoor
15,1,0,8,0,Outdoor
15,1,5,8,0,Outdoor
15,1,10,8,0,Outdoor
15,2,0,8,0,Outdoor
15,2,5,8,0,Outdoor
15,2,10,8,0,Outdoor
18,0,0,8,0,Outdoor
18,0,5,8,0,Outdoor
18,0,10,8,0,Outdoor
18,1,0,8,0,Outdoor
18,1,5,8,0,Outdoor
18,1,10,8,0,Outdoor
18,2,0,8,0,Outdoor
18,2,5,8,0,Outdoor
18,2,10,8,0,Outdoor
20,0,0,8,0,Outdoor
20,0,5,8,0,Outdoor
20,0,10,8,0,Outdoor
20,1,0,8,0,Outdoor
20,1,5,8,0,Outdoor
20,1,10,8,0,Outdoor
20,2,0,8,0,Outdoor
20,2,5,8,0,Outdoor
20,2,10,8,0,Outdoor
22,0,0,8,0,Outdoor
22,0,5,8,0,Outdoor
22,0,10,8,0,Outdoor
22,1,0,8,0,Outdoor
22,1,5,8,0,Outdoor
22,1,10,8,0,Outdoor
22,2,0,8,0,Outdoor
22,2,5,8,0,Outdoor
22,2,10,8,0,Outdoor
25,0,0,8,0,Outdoor
25,0,5,8,0,Outdoor
25,0,10,8,0,Outdoor
25,1,0,8,0,Outdoor
25,1,5,8,0,Outdoor
25,1,10,8,0,Outdoor
25,2,0,8,0,Outdoor
25,2,5,8,0,Outdoor
25,2,10,8,0,Outdoor
12,0,5,8,0,Outdoor
12,0,10,8,0,Outdoor
12,1,5,8,0,Outdoor
12,1,10,8,0,Outdoor
14,0,5,8,0,Outdoor
14,0,10,8,0,Outdoor
14,1,5,8,0,Outdoor
14,1,10,8,0,Outdoor
16,0,5,8,0,Outdoor
16,0,10,8,0,Outdoor
16,1,5,8,0,Outdoor
16,1,10,8,0,Outdoor
17,0,5,8,0,Outdoor
17,0,10,8,0,Outdoor
17,1,5,8,0,Outdoor
17,1,10,8,0,Outdoor
15,0,0,9,0,Outdoor
15,0,5,9,0,Outdoor
15,0,10,9,0,Outdoor
15,1,0,9,0,Outdoor
15,1,5,9,0,Outdoor
15,1,10,9,0,Outdoor
15,2,0,9,0,Outdoor
15,2,5,9,0,Outdoor
15,2,10,9,0,Outdoor
18,0,0,9,0,Outdoor
18,0,5,9,0,Outdoor
18,0,10,9,0,Outdoor
18,1,0,9,0,Outdoor
18,1,5,9,0,Outdoor
18,1,10,9,0,Outdoor
18,2,0,9,0,Outdoor
18,2,5,9,0,Outdoor
18,2,10,9,0,Outdoor
20,0,0,9,0,Outdoor
20,0,5,9,0,Outdoor
20,0,10,9,0,Outdoor
20,1,0,9,0,Outdoor
20,1,5,9,0,Outdoor
20,1,10,9,0,Outdoor
20,2,0,9,0,Outdoor
20,2,5,9,0,Outdoor
20,2,10,9,0,Outdoor
22,0,0,9,0,Outdoor
22,0,5,9,0,Outdoor
22,0,10,9,0,Outdoor
22,1,0,9,0,Outdoor
22,1,5,9,0,Outdoor
22,1,10,9,0,Outdoor
22,2,0,9,0,Outdoor
22,2,5,9,0,Outdoor
22,2,10,9,0,Outdoor
25,0,0,9,0,Outdoor
25,0,5,9,0,Outdoor
25,0,10,9,0,Outdoor
25,1,0,9,0,Outdoor
25,1,5,9,0,Outdoor
25,1,10,9,0,Outdoor
25,2,0,9,0,Outdoor
25,2,5,9,0,Outdoor
25,2,10,9,0,Outdoor
12,0,5,9,0,Outdoor
12,0,10,9,0,Outdoor
12,1,5,9,0,Outdoor
12,1,10,9,0,Outdoor
14,0,5,9,0,Outdoor
14,0,10,9,0,Outdoor
14,1,5,9,0,Outdoor
14,1,10,9,0,Outdoor
16,0,5,9,0,Outdoor
16,0,10,9,0,Outdoor
16,1,5,9,0,Outdoor
16,1,10,9,0,Outdoor
17,0,5,9,0,Outdoor
17,0,10,9,0,Outdoor
17,1,5,9,0,Outdoor
17,1,10,9,0,Outdoor
15,0,0,10,0,Outdoor
15,0,5,10,0,Outdoor
15,0,10,10,0,Outdoor
15,1,0,10,0,Outdoor
15,1,5,10,0,Outdoor
15,1,10,10,0,Outdoor
15,2,0,10,0,Outdoor
15,2,5,10,0,Outdoor
15,2,10,10,0,Outdoor
18,0,0,10,0,Outdoor
18,0,5,10,0,Outdoor
18,0,10,10,0,Outdoor
18,1,0,10,0,Outdoor
18,1,5,10,0,Outdoor
18,1,10,10,0,Outdoor
18,2,0,10,0,Outdoor
18,2,5,10,0,Outdoor
18,2,10,10,0,Outdoor
20,0,0,10,0,Outdoor
20,0,5,10,0,Outdoor
20,0,10,10,0,Outdoor
20,1,0,10,0,Outdoor
20,1,5,10,0,Outdoor
20,1,10,10,0,Outdoor
20,2,0,10,0,Outdoor
20,2,5,10,0,Outdoor
20,2,10,10,0,Outdoor
22,0,0,10,0,Outdoor
22,0,5,10,0,Outdoor
22,0,10,10,0,Outdoor
22,1,0,10,0,Outdoor
22,1,5,10,0,Outdoor
22,1,10,10,0,Outdoor
22,2,0,10,0,Outdoor
22,2,5,10,0,Outdoor
22,2,10,10,0,Outdoor
25,0,0,10,0,Outdoor
25,0,5,10,0,Outdoor
25,0,10,10,0,Outdoor
25,1,0,10,0,Outdoor
25,1,5,10,0,Outdoor
25,1,10,10,0,Outdoor
25,2,0,10,0,Outdoor
25,2,5,10,0,Outdoor
25,2,10,10,0,Outdoor
12,0,5,10,0,Outdoor
12,0,10,10,0,Outdoor
12,1,5,10,0,Outdoor
12,1,10,10,0,Outdoor
14,0,5,10,0,Outdoor
14,0,10,10,0,Outdoor
14,1,5,10,0,Outdoor
14,1,10,10,0,Outdoor
16,0,5,10,0,Outdoor
16,0,10,10,0,Outdoor
16,1,5,10,0,Outdoor
16,1,10,10,0,Outdoor
17,0,5,10,0,Outdoor
17,0,10,10,0,Outdoor
17,1,5,10,0,Outdoor
17,1,10,10,0,Outdoor
15,0,0,11,0,Outdoor
15,0,5,11,0,Outdoor
15,0,10,11,0,Outdoor
15,1,0,11,0,Outdoor
15,1,5,11,0,Outdoor
15,1,10,11,0,Outdoor
15,2,0,11,0,Outdoor
15,2,5,11,0,Outdoor
15,2,10,11,0,Outdoor
18,0,0,11,0,Outdoor
18,0,5,11,0,Outdoor
18,0,10,11,0,Outdoor
18,1,0,11,0,Outdoor
18,1,5,11,0,Outdoor
18,1,10,11,0,Outdoor
18,2,0,11,0,Outdoor
18,2,5,11,0,Outdoor
18,2,10,11,0,Outdoor
20,0,0,11,0,Outdoor
20,0,5,11,0,Outdoor
20,0,10,11,0,Outdoor
20,1,0,11,0,Outdoor
20,1,5,11,0,Outdoor
20,1,10,11,0,Outdoor
20,2,0,11,0,Outdoor
20,2,5,11,0,Outdoor
20,2,10,11,0,Outdoor
22,0,0,11,0,Outdoor
22,0,5,11,0,Outdoor
22,0,10,11,0,Outdoor
22,1,0,11,0,Outdoor
22,1,5,11,0,Outdoor
22,1,10,11,0,Outdoor
22,2,0,11,0,Outdoor
22,2,5,11,0,Outdoor
22,2,10,11,0,Outdoor
25,0,0,11,0,Outdoor
25,0,5,11,0,Outdoor
25,0,10,11,0,Outdoor
25,1,0,11,0,Outdoor
25,1,5,11,0,Outdoor
25,1,10,11,0,Outdoor
25,2,0,11,0,Outdoor
25,2,5,11,0,Outdoor
25,2,10,11,0,Outdoor
12,0,5,11,0,Outdoor
12,0,10,11,0,Outdoor
12,1,5,11,0,Outdoor
12,1,10,11,0,Outdoor
14,0,5,11,0,Outdoor
14,0,10,11,0,Outdoor
14,1,5,11,0,Outdoor
14,1,10,11,0,Outdoor
16,0,5,11,0,Outdoor
16,0,10,11,0,Outdoor
16,1,5,11,0,Outdoor
16,1,10,11,0,Outdoor
17,0,5,11,0,Outdoor
17,0,10,11,0,Outdoor
17,1,5,11,0,Outdoor
17,1,10,11,0,Outdoor
15,0,0,12,0,Outdoor
15,0,5,12,0,Outdoor
15,0,10,12,0,Outdoor
15,1,0,12,0,Outdoor
15,1,5,12,0,Outdoor
15,1,10,12,0,Outdoor
15,2,0,12,0,Outdoor
15,2,5,12,0,Outdoor
15,2,10,12,0,Outdoor
18,0,0,12,0,Outdoor
18,0,5,12,0,Outdoor
18,0,10,12,0,Outdoor
18,1,0,12,0,Outdoor
18,1,5,12,0,Outdoor
18,1,10,12,0,Outdoor
18,2,0,12,0,Outdoor
18,2,5,12,0,Outdoor
18,2,10,12,0,Outdoor
20,0,0,12,0,Outdoor
20,0,5,12,0,Outdoor
20,0,10,12,0,Outdoor
20,1,0,12,0,Outdoor
20,1,5,12,0,Outdoor
20,1,10,12,0,Outdoor
20,2,0,12,0,Outdoor
20,2,5,12,0,Outdoor
20,2,10,12,0,Outdoor
22,0,0,12,0,Outdoor
22,0,5,12,0,Outdoor
22,0,10,12,0,Outdoor
22,1,0,12,0,Outdoor
22,1,5,12,0,Outdoor
22,1,10,12,0,Outdoor
22,2,0,12,0,Outdoor
22,2,5,12,0,Outdoor
22,2,10,12,0,Outdoor
25,0,0,12,0,Outdoor
25,0,5,12,0,Outdoor
25,0,10,12,0,Outdoor
25,1,0,12,0,Outdoor
25,1,5,12,0,Outdoor
25,1,10,12,0,Outdoor
25,2,0,12,0,Outdoor
25,2,5,12,0,Outdoor
25,2,10,12,0,Outdoor
12,0,5,12,0,Outdoor
12,0,10,12,0,Outdoor
12,1,5,12,0,Outdoor
12,1,10,12,0,Outdoor
14,0,5,12,0,Outdoor
14,0,10,12,0,Outdoor
14,1,5,12,0,Outdoor
14,1,10,12,0,Outdoor
16,0,5,12,0,Outdoor
16,0,10,12,0,Outdoor
16,1,5,12,0,Outdoor
16,1,10,12,0,Outdoor
17,0,5,12,0,Outdoor
17,0,10,12,0,Outdoor
17,1,5,12,0,Outdoor
17,1,10,12,0,Outdoor
15,0,0,13,0,Outdoor
15,0,5,13,0,Outdoor
15,0,10,13,0,Outdoor
15,1,0,13,0,Outdoor
15,1,5,13,0,Outdoor
15,1,10,13,0,Outdoor
15,2,0,13,0,Outdoor
15,2,5,13,0,Outdoor
15,2,10,13,0,Outdoor
18,0,0,13,0,Outdoor
18,0,5,13,0,Outdoor
18,0,10,13,0,Outdoor
18,1,0,13,0,Outdoor
18,1,5,13,0,Outdoor
18,1,10,13,0,Outdoor
18,2,0,13,0,Outdoor
18,2,5,13,0,Outdoor
18,2,10,13,0,Outdoor
20,0,0,13,0,Outdoor
20,0,5,13,0,Outdoor
20,0,10,13,0,Outdoor
20,1,0,13,0,Outdoor
20,1,5,13,0,Outdoor
20,1,10,13,0,Outdoor
20,2,0,13,0,Outdoor
20,2,5,13,0,Outdoor
20,2,10,13,0,Outdoor
22,0,0,13,0,Outdoor
22,0,5,13,0,Outdoor
22,0,10,13,0,Outdoor
22,1,0,13,0,Outdoor
22,1,5,13,0,Outdoor
22,1,10,13,0,Outdoor
22,2,0,13,0,Outdoor
22,2,5,13,0,Outdoor
22,2,10,13,0,Outdoor
25,0,0,13,0,Outdoor
25,0,5,13,0,Outdoor
25,0,10,13,0,Outdoor
25,1,0,13,0,Outdoor
25,1,5,13,0,Outdoor
25,1,10,13,0,Outdoor
25,2,0,13,0,Outdoor
25,2,5,13,0,Outdoor
25,2,10,13,0,Outdoor
12,0,5,13,0,Outdoor
12,0,10,13,0,Outdoor
12,1,5,13,0,Outdoor
12,1,10,13,0,Outdoor
14,0,5,13,0,Outdoor
14,0,10,13,0,Outdoor
14,1,5,13,0,Outdoor
14,1,10,13,0,Outdoor
16,0,5,13,0,Outdoor
16,0,10,13,0,Outdoor
16,1,5,13,0,Outdoor
16,1,10,13,0,Outdoor
17,0,5,13,0,Outdoor
17,0,10,13,0,Outdoor
17,1,5,13,0,Outdoor
17,1,10,13,0,Outdoor
15,0,0,14,0,Outdoor
15,0,5,14,0,Outdoor
15,0,10,14,0,Outdoor
15,1,0,14,0,Outdoor
15,1,5,14,0,Outdoor
15,1,10,14,0,Outdoor
15,2,0,14,0,Outdoor
15,2,5,14,0,Outdoor
15,2,10,14,0,Outdoor
18,0,0,14,0,Outdoor
18,0,5,14,0,Outdoor
18,0,10,14,0,Outdoor
18,1,0,14,0,Outdoor
18,1,5,14,0,Outdoor
18,1,10,14,0,Outdoor
18,2,0,14,0,Outdoor
18,2,5,14,0,Outdoor
18,2,10,14,0,Outdoor
20,0,0,14,0,Outdoor
20,0,5,14,0,Outdoor
20,0,10,14,0,Outdoor
20,1,0,14,0,Outdoor
20,1,5,14,0,Outdoor
20,1,10,14,0,Outdoor
20,2,0,14,0,Outdoor
20,2,5,14,0,Outdoor
20,2,10,14,0,Outdoor
22,0,0,14,0,Outdoor
22,0,5,14,0,Outdoor
22,0,10,14,0,Outdoor
22,1,0,14,0,Outdoor
22,1,5,14,0,Outdoor
22,1,10,14,0,Outdoor
22,2,0,14,0,Outdoor
22,2,5,14,0,Outdoor
22,2,10,14,0,Outdoor
25,0,0,14,0,Outdoor
25,0,5,14,0,Outdoor
25,0,10,14,0,Outdoor
25,1,0,14,0,Outdoor
25,1,5,14,0,Outdoor
25,1,10,14,0,Outdoor
25,2,0,14,0,Outdoor
25,2,5,14,0,Outdoor
25,2,10,14,0,Outdoor
12,0,5,14,0,Outdoor
12,0,10,14,0,Outdoor
12,1,5,14,0,Outdoor
12,1,10,14,0,Outdoor
14,0,5,14,0,Outdoor
14,0,10,14,0,Outdoor
14,1,5,14,0,Outdoor
14,1,10,14,0,Outdoor
16,0,5,14,0,Outdoor
16,0,10,14,0,Outdoor
16,1,5,14,0,Outdoor
16,1,10,14,0,Outdoor
17,0,5,14,0,Outdoor
17,0,10,14,0,Outdoor
17,1,5,14,0,Outdoor
17,1,10,14,0,Outdoor
15,0,0,15,0,Outdoor
15,0,5,15,0,Outdoor
15,0,10,15,0,Outdoor
15,1,0,15,0,Outdoor
15,1,5,15,0,Outdoor
15,1,10,15,0,Outdoor
15,2,0,15,0,Outdoor
15,2,5,15,0,Outdoor
15,2,10,15,0,Outdoor
18,0,0,15,0,Outdoor
18,0,5,15,0,Outdoor
18,0,10,15,0,Outdoor
18,1,0,15,0,Outdoor
18,1,5,15,0,Outdoor
18,1,10,15,0,Outdoor
18,2,0,15,0,Outdoor
18,2,5,15,0,Outdoor
18,2,10,15,0,Outdoor
20,0,0,15,0,Outdoor
20,0,5,15,0,Outdoor
20,0,10,15,0,Outdoor
20,1,0,15,0,Outdoor
20,1,5,15,0,Outdoor
20,1,10,15,0,Outdoor
20,2,0,15,0,Outdoor
20,2,5,15,0,Outdoor
20,2,10,15,0,Outdoor
22,0,0,15,0,Outdoor
22,0,5,15,0,Outdoor
22,0,10,15,0,Outdoor
22,1,0,15,0,Outdoor
22,1,5,15,0,Outdoor
22,1,10,15,0,Outdoor
22,2,0,15,0,Outdoor
22,2,5,15,0,Outdoor
22,2,10,15,0,Outdoor
25,0,0,15,0,Outdoor
25,0,5,15,0,Outdoor
25,0,10,15,0,Outdoor
25,1,0,15,0,Outdoor
25,1,5,15,0,Outdoor
25,1,10,15,0,Outdoor
25,2,0,15,0,Outdoor
25,2,5,15,0,Outdoor
25,2,10,15,0,Outdoor
12,0,5,15,0,Outdoor
12,0,10,15,0,Outdoor
12,1,5,15,0,Outdoor
12,1,10,15,0,Outdoor
14,0,5,15,0,Outdoor
14,0,10,15,0,Outdoor
14,1,5,15,0,Outdoor
14,1,10,15,0,Outdoor
16,0,5,15,0,Outdoor
16,0,10,15,0,Outdoor
16,1,5,15,0,Outdoor
16,1,10,15,0,Outdoor
17,0,5,15,0,Outdoor
17,0,10,15,0,Outdoor
17,1,5,15,0,Outdoor
17,1,10,15,0,Outdoor
15,0,0,16,0,Outdoor
15,0,5,16,0,Outdoor
15,0,10,16,0,Outdoor
15,1,0,16,0,Outdoor
15,1,5,16,0,Outdoor
15,1,10,16,0,Outdoor
15,2,0,16,0,Outdoor
15,2,5,16,0,Outdoor
15,2,10,16,0,Outdoor
18,0,0,16,0,Outdoor
18,0,5,16,0,Outdoor
18,0,10,16,0,Outdoor
18,1,0,16,0,Outdoor
18,1,5,16,0,Outdoor
18,1,10,16,0,Outdoor
18,2,0,16,0,Outdoor
18,2,5,16,0,Outdoor
18,2,10,16,0,Outdoor
20,0,0,16,0,Outdoor
20,0,5,16,0,Outdoor
20,0,10,16,0,Outdoor
20,1,0,16,0,Outdoor
20,1,5,16,0,Outdoor
20,1,10,16,0,Outdoor
20,2,0,16,0,Outdoor
20,2,5,16,0,Outdoor
20,2,10,16,0,Outdoor
22,0,0,16,0,Outdoor
22,0,5,16,0,Outdoor
22,0,10,16,0,Outdoor
22,1,0,16,0,Outdoor
22,1,5,16,0,Outdoor
22,1,10,16,0,Outdoor
22,2,0,16,0,Outdoor
22,2,5,16,0,Outdoor
22,2,10,16,0,Outdoor
25,0,0,16,0,Outdoor
25,0,5,16,0,Outdoor
25,0,10,16,0,Outdoor
25,1,0,16,0,Outdoor
25,1,5,16,0,Outdoor
25,1,10,16,0,Outdoor
25,2,0,16,0,Outdoor
25,2,5,16,0,Outdoor
25,2,10,16,0,Outdoor
12,0,5,16,0,Outdoor
12,0,10,16,0,Outdoor
12,1,5,16,0,Outdoor
12,1,10,16,0,Outdoor
14,0,5,16,0,Outdoor
14,0,10,16,0,Outdoor
14,1,5,16,0,Outdoor
14,1,10,16,0,Outdoor
16,0,5,16,0,Outdoor
16,0,10,16,0,Outdoor
16,1,5,16,0,Outdoor
16,1,10,16,0,Outdoor
17,0,5,16,0,Outdoor
17,0,10,16,0,Outdoor
17,1,5,16,0,Outdoor
17,1,10,16,0,Outdoor
15,0,0,17,0,Outdoor
15,0,5,17,0,Outdoor
15,0,10,17,0,Outdoor
15,1,0,17,0,Outdoor
15,1,5,17,0,Outdoor
15,1,10,17,0,Outdoor
15,2,0,17,0,Outdoor
15,2,5,17,0,Outdoor
15,2,10,17,0,Outdoor
18,0,0,17,0,Outdoor
18,0,5,17,0,Outdoor
18,0,10,17,0,Outdoor
18,1,0,17,0,Outdoor
18,1,5,17,0,Outdoor
18,1,10,17,0,Outdoor
18,2,0,17,0,Outdoor
18,2,5,17,0,Outdoor
18,2,10,17,0,Outdoor
20,0,0,17,0,Outdoor
20,0,5,17,0,Outdoor
20,0,10,17,0,Outdoor
20,1,0,17,0,Outdoor
20,1,5,17,0,Outdoor
20,1,10,17,0,Outdoor
20,2,0,17,0,Outdoor
20,2,5,17,0,Outdoor
20,2,10,17,0,Outdoor
22,0,0,17,0,Outdoor
22,0,5,17,0,Outdoor
22,0,10,17,0,Outdoor
22,1,0,17,0,Outdoor
22,1,5,17,0,Outdoor
22,1,10,17,0,Outdoor
22,2,0,17,0,Outdoor
22,2,5,17,0,Outdoor
22,2,10,17,0,Outdoor
25,0,0,17,0,Outdoor
25,0,5,17,0,Outdoor
25,0,10,17,0,Outdoor
25,1,0,17,0,Outdoor
25,1,5,17,0,Outdoor
25,1,10,17,0,Outdoor
25,2,0,17,0,Outdoor
25,2,5,17,0,Outdoor
25,2,10,17,0,Outdoor
12,0,5,17,0,Outdoor
12,0,10,17,0,Outdoor
12,1,5,17,0,Outdoor
12,1,10,17,0,Outdoor
14,0,5,17,0,Outdoor
14,0,10,17,0,Outdoor
14,1,5,17,0,Outdoor
14,1,10,17,0,Outdoor
16,0,5,17,0,Outdoor
16,0,10,17,0,Outdoor
16,1,5,17,0,Outdoor
16,1,10,17,0,Outdoor
17,0,5,17,0,Outdoor
17,0,10,17,0,Outdoor
17,1,5,17,0,Outdoor
17,1,10,17,0,Outdoor
15,0,0,18,0,Outdoor
15,0,5,18,0,Outdoor
15,0,10,18,0,Outdoor
15,1,0,18,0,Outdoor
15,1,5,18,0,Outdoor
15,1,10,18,0,Outdoor
15,2,0,18,0,Outdoor
15,2,5,18,0,Outdoor
15,2,10,18,0,Outdoor
18,0,0,18,0,Outdoor
18,0,5,18,0,Outdoor
18,0,10,18,0,Outdoor
18,1,0,18,0,Outdoor
18,1,5,18,0,Outdoor
18,1,10,18,0,Outdoor
18,2,0,18,0,Outdoor
18,2,5,18,0,Outdoor
18,2,10,18,0,Outdoor
20,0,0,18,0,Outdoor
20,0,5,18,0,Outdoor
20,0,10,18,0,Outdoor
20,1,0,18,0,Outdoor
20,1,5,18,0,Outdoor
20,1,10,18,0,Outdoor
20,2,0,18,0,Outdoor
20,2,5,18,0,Outdoor
20,2,10,18,0,Outdoor
22,0,0,18,0,Outdoor
22,0,5,18,0,Outdoor
22,0,10,18,0,Outdoor
22,1,0,18,0,Outdoor
22,1,5,18,0,Outdoor
22,1,10,18,0,Outdoor
22,2,0,18,0,Outdoor
22,2,5,18,0,Outdoor
22,2,10,18,0,Outdoor
25,0,0,18,0,Outdoor
25,0,5,18,0,Outdoor
25,0,10,18,0,Outdoor
25,1,0,18,0,Outdoor
25,1,5,18,0,Outdoor
25,1,10,18,0,Outdoor
25,2,0,18,0,Outdoor
25,2,5,18,0,Outdoor
25,2,10,18,0,Outdoor
12,0,5,18,0,Outdoor
12,0,10,18,0,Outdoor
12,1,5,18,0,Outdoor
12,1,10,18,0,Outdoor
14,0,5,18,0,Outdoor
14,0,10,18,0,Outdoor
14,1,5,18,0,Outdoor
14,1,10,18,0,Outdoor
16,0,5,18,0,Outdoor
16,0,10,18,0,Outdoor
16,1,5,18,0,Outdoor
16,1,10,18,0,Outdoor
17,0,5,18,0,Outdoor
17,0,10,18,0,Outdoor
17,1,5,18,0,Outdoor
17,1,10,18,0,Outdoor
15,0,0,19,0,Outdoor
15,0,5,19,0,Outdoor
15,0,10,19,0,Outdoor
15,1,0,19,0,Outdoor
15,1,5,19,0,Outdoor
15,1,10,19,0,Outdoor
15,2,0,19,0,Outdoor
15,2,5,19,0,Outdoor
15,2,10,19,0,Outdoor
18,0,0,19,0,Outdoor
18,0,5,19,0,Outdoor
18,0,10,19,0,Outdoor
18,1,0,19,0,Outdoor
18,1,5,19,0,Outdoor
18,1,10,19,0,Outdoor
18,2,0,19,0,Outdoor
18,2,5,19,0,Outdoor
18,2,10,19,0,Outdoor
20,0,0,19,0,Outdoor
20,0,5,19,0,Outdoor
20,0,10,19,0,Outdoor
20,1,0,19,0,Outdoor
20,1,5,19,0,Outdoor
20,1,10,19,0,Outdoor
20,2,0,19,0,Outdoor
20,2,5,19,0,Outdoor
20,2,10,19,0,Outdoor
22,0,0,19,0,Outdoor
22,0,5,19,0,Outdoor
22,0,10,19,0,Outdoor
22,1,0,19,0,Outdoor
22,1,5,19,0,Outdoor
22,1,10,19,0,Outdoor
22,2,0,19,0,Outdoor
22,2,5,19,0,Outdoor
22,2,10,19,0,Outdoor
25,0,0,19,0,Outdoor
25,0,5,19,0,Outdoor
25,0,10,19,0,Outdoor
25,1,0,19,0,Outdoor
25,1,5,19,0,Outdoor
25,1,10,19,0,Outdoor
25,2,0,19,0,Outdoor
25,2,5,19,0,Outdoor
25,2,10,19,0,Outdoor
12,0,5,19,0,Outdoor
12,0,10,19,0,Outdoor
12,1,5,19,0,Outdoor
12,1,10,19,0,Outdoor
14,0,5,19,0,Outdoor
14,0,10,19,0,Outdoor
14,1,5,19,0,Outdoor
14,1,10,19,0,Outdoor
16,0,5,19,0,Outdoor
16,0,10,19,0,Outdoor
16,1,5,19,0,Outdoor
16,1,10,19,0,Outdoor
17,0,5,19,0,Outdoor
17,0,10,19,0,Outdoor
17,1,5,19,0,Outdoor
17,1,10,19,0,Outdoor
10,10,10,8,1,Indoor
10,10,15,8,1,Indoor
10,10,20,8,1,Indoor
15,10,10,8,1,Indoor
15,10,15,8,1,Indoor
15,10,20,8,1,Indoor
20,10,10,8,1,Indoor
20,10,15,8,1,Indoor
20,10,20,8,1,Indoor
10,15,10,8,1,Indoor
10,15,15,8,1,Indoor
10,15,20,8,1,Indoor
15,15,10,8,1,Indoor
15,15,15,8,1,Indoor
15,15,20,8,1,Indoor
20,15,10,8,1,Indoor
20,15,15,8,1,Indoor
20,15,20,8,1,Indoor
10,20,10,8,1,Indoor
10,20,15,8,1,Indoor
10,20,20,8,1,Indoor
15,20,10,8,1,Indoor
15,20,15,8,1,Indoor
15,20,20,8,1,Indoor
20,20,10,8,1,Indoor
20,20,15,8,1,Indoor
20,20,20,8,1,Indoor
10,30,10,8,1,Indoor
10,30,15,8,1,Indoor
10,30,20,8,1,Indoor
15,30,10,8,1,Indoor
15,30,15,8,1,Indoor
15,30,20,8,1,Indoor
20,30,10,8,1,Indoor
20,30,15,8,1,Indoor
20,30,20,8,1,Indoor
10,50,10,8,1,Indoor
10,50,15,8,1,Indoor
10,50,20,8,1,Indoor
15,50,10,8,1,Indoor
15,50,15,8,1,Indoor
15,50,20,8,1,Indoor
20,50,10,8,1,Indoor
20,50,15,8,1,Indoor
20,50,20,8,1,Indoor
10,5,15,8,1,Indoor
10,5,20,8,1,Indoor
15,5,15,8,1,Indoor
15,5,20,8,1,Indoor
10,8,15,8,1,Indoor
10,8,20,8,1,Indoor
15,8,15,8,1,Indoor
15,8,20,8,1,Indoor
15,0,25,8,1,Indoor
15,2,25,8,1,Indoor
15,5,25,8,1,Indoor
18,0,25,8,1,Indoor
18,2,25,8,1,Indoor
18,5,25,8,1,Indoor
20,0,25,8,1,Indoor
20,2,25,8,1,Indoor
20,5,25,8,1,Indoor
15,0,30,8,1,Indoor
15,2,30,8,1,Indoor
15,5,30,8,1,Indoor
18,0,30,8,1,Indoor
18,2,30,8,1,Indoor
18,5,30,8,1,Indoor
20,0,30,8,1,Indoor
20,2,30,8,1,Indoor
20,5,30,8,1,Indoor
15,0,40,8,1,Indoor
15,2,40,8,1,Indoor
15,5,40,8,1,Indoor
18,0,40,8,1,Indoor
18,2,40,8,1,Indoor
18,5,40,8,1,Indoor
20,0,40,8,1,Indoor
20,2,40,8,1,Indoor
20,5,40,8,1,Indoor
15,0,50,8,1,Indoor
15,2,50,8,1,Indoor
15,5,50,8,1,Indoor
18,0,50,8,1,Indoor
18,2,50,8,1,Indoor
18,5,50,8,1,Indoor
20,0,50,8,1,Indoor
20,2,50,8,1,Indoor
20,5,50,8,1,Indoor
0,0,5,8,1,Indoor
0,0,10,8,1,Indoor
0,0,15,8,1,Indoor
0,2,5,8,1,Indoor
0,2,10,8,1,Indoor
0,2,15,8,1,Indoor
0,5,5,8,1,Indoor
0,5,10,8,1,Indoor
0,5,15,8,1,Indoor
2,0,5,8,1,Indoor
2,0,10,8,1,Indoor
2,0,15,8,1,Indoor
2,2,5,8,1,Indoor
2,2,10,8,1,Indoor
2,2,15,8,1,Indoor
2,5,5,8,1,Indoor
2,5,10,8,1,Indoor
2,5,15,8,1,Indoor
4,0,5,8,1,Indoor
4,0,10,8,1,Indoor
4,0,15,8,1,Indoor
4,2,5,8,1,Indoor
4,2,10,8,1,Indoor
4,2,15,8,1,Indoor
4,5,5,8,1,Indoor
4,5,10,8,1,Indoor
4,5,15,8,1,Indoor
6,0,5,8,1,Indoor
6,0,10,8,1,Indoor
6,0,15,8,1,Indoor
6,2,5,8,1,Indoor
6,2,10,8,1,Indoor
6,2,15,8,1,Indoor
6,5,5,8,1,Indoor
6,5,10,8,1,Indoor
6,5,15,8,1,Indoor
8,0,5,8,1,Indoor
8,0,10,8,1,Indoor
8,0,15,8,1,Indoor
8,2,5,8,1,Indoor
8,2,10,8,1,Indoor
8,2,15,8,1,Indoor
8,5,5,8,1,Indoor
8,5,10,8,1,Indoor
8,5,15,8,1,Indoor
8,3,15,8,1,Indoor
8,3,20,8,1,Indoor
10,3,15,8,1,Indoor
10,3,20,8,1,Indoor
12,3,15,8,1,Indoor
12,3,20,8,1,Indoor
8,4,15,8,1,Indoor
8,4,20,8,1,Indoor
10,4,15,8,1,Indoor
10,4,20,8,1,Indoor
12,4,15,8,1,Indoor
12,4,20,8,1,Indoor
8,6,15,8,1,Indoor
8,6,20,8,1,Indoor
10,6,15,8,1,Indoor
10,6,20,8,1,Indoor
12,6,15,8,1,Indoor
12,6,20,8,1,Indoor
10,10,10,9,1,Indoor
10,10,15,9,1,Indoor
10,10,20,9,1,Indoor
15,10,10,9,1,Indoor
15,10,15,9,1,Indoor
15,10,20,9,1,Indoor
20,10,10,9,1,Indoor
20,10,15,9,1,Indoor
20,10,20,9,1,Indoor
10,15,10,9,1,Indoor
10,15,15,9,1,Indoor
10,15,20,9,1,Indoor
15,15,10,9,1,Indoor
15,15,15,9,1,Indoor
15,15,20,9,1,Indoor
20,15,10,9,1,Indoor
20,15,15,9,1,Indoor
20,15,20,9,1,Indoor
10,20,10,9,1,Indoor
10,20,15,9,1,Indoor
10,20,20,9,1,Indoor
15,20,10,9,1,Indoor
15,20,15,9,1,Indoor
15,20,20,9,1,Indoor
20,20,10,9,1,Indoor
20,20,15,9,1,Indoor
20,20,20,9,1,Indoor
10,30,10,9,1,Indoor
10,30,15,9,1,Indoor
10,30,20,9,1,Indoor
15,30,10,9,1,Indoor
15,30,15,9,1,Indoor
15,30,20,9,1,Indoor
20,30,10,9,1,Indoor
20,30,15,9,1,Indoor
20,30,20,9,1,Indoor
10,50,10,9,1,Indoor
10,50,15,9,1,Indoor
10,50,20,9,1,Indoor
15,50,10,9,1,Indoor
15,50,15,9,1,Indoor
15,50,20,9,1,Indoor
20,50,10,9,1,Indoor
20,50,15,9,1,Indoor
20,50,20,9,1,Indoor
10,5,15,9,1,Indoor
10,5,20,9,1,Indoor
15,5,15,9,1,Indoor
15,5,20,9,1,Indoor
10,8,15,9,1,Indoor
10,8,20,9,1,Indoor
15,8,15,9,1,Indoor
15,8,20,9,1,Indoor
15,0,25,9,1,Indoor
15,2,25,9,1,Indoor
15,5,25,9,1,Indoor
18,0,25,9,1,Indoor
18,2,25,9,1,Indoor
18,5,25,9,1,Indoor
20,0,25,9,1,Indoor
20,2,25,9,1,Indoor
20,5,25,9,1,Indoor
15,0,30,9,1,Indoor
15,2,30,9,1,Indoor
15,5,30,9,1,Indoor
18,0,30,9,1,Indoor
18,2,30,9,1,Indoor
18,5,30,9,1,Indoor
20,0,30,9,1,Indoor
20,2,30,9,1,Indoor
20,5,30,9,1,Indoor
15,0,40,9,1,Indoor
15,2,40,9,1,Indoor
15,5,40,9,1,Indoor
18,0,40,9,1,Indoor
18,2,40,9,1,Indoor
18,5,40,9,1,Indoor
20,0,40,9,1,Indoor
20,2,40,9,1,Indoor
20,5,40,9,1,Indoor
15,0,50,9,1,Indoor
15,2,50,9,1,Indoor
15,5,50,9,1,Indoor
18,0,50,9,1,Indoor
18,2,50,9,1,Indoor
18,5,50,9,1,Indoor
20,0,50,9,1,Indoor
20,2,50,9,1,Indoor
20,5,50,9,1,Indoor
0,0,5,9,1,Indoor
0,0,10,9,1,Indoor
0,0,15,9,1,Indoor
0,2,5,9,1,Indoor
0,2,10,9,1,Indoor
0,2,15,9,1,Indoor
0,5,5,9,1,Indoor
0,5,10,9,1,Indoor
0,5,15,9,1,Indoor
2,0,5,9,1,Indoor
2,0,10,9,1,Indoor
2,0,15,9,1,Indoor
2,2,5,9,1,Indoor
2,2,10,9,1,Indoor
2,2,15,9,1,Indoor
2,5,5,9,1,Indoor
2,5,10,9,1,Indoor
2,5,15,9,1,Indoor
4,0,5,9,1,Indoor
4,0,10,9,1,Indoor
4,0,15,9,1,Indoor
4,2,5,9,1,Indoor
4,2,10,9,1,Indoor
4,2,15,9,1,Indoor
4,5,5,9,1,Indoor
4,5,10,9,1,Indoor
4,5,15,9,1,Indoor
6,0,5,9,1,Indoor
6,0,10,9,1,Indoor
6,0,15,9,1,Indoor
6,2,5,9,1,Indoor
6,2,10,9,1,Indoor
6,2,15,9,1,Indoor
6,5,5,9,1,Indoor
6,5,10,9,1,Indoor
6,5,15,9,1,Indoor
8,0,5,9,1,Indoor
8,0,10,9,1,Indoor
8,0,15,9,1,Indoor
8,2,5,9,1,Indoor
8,2,10,9,1,Indoor
8,2,15,9,1,Indoor
8,5,5,9,1,Indoor
8,5,10,9,1,Indoor
8,5,15,9,1,Indoor
8,3,15,9,1,Indoor
8,3,20,9,1,Indoor
10,3,15,9,1,Indoor
10,3,20,9,1,Indoor
12,3,15,9,1,Indoor
12,3,20,9,1,Indoor
8,4,15,9,1,Indoor
8,4,20,9,1,Indoor
10,4,15,9,1,Indoor
10,4,20,9,1,Indoor
12,4,15,9,1,Indoor
12,4,20,9,1,Indoor
8,6,15,9,1,Indoor
8,6,20,9,1,Indoor
10,6,15,9,1,Indoor
10,6,20,9,1,Indoor
12,6,15,9,1,Indoor
12,6,20,9,1,Indoor
10,10,10,10,1,Indoor
10,10,15,10,1,Indoor
10,10,20,10,1,Indoor
15,10,10,10,1,Indoor
15,10,15,10,1,Indoor
15,10,20,10,1,Indoor
20,10,10,10,1,Indoor
20,10,15,10,1,Indoor
20,10,20,10,1,Indoor
10,15,10,10,1,Indoor
10,15,15,10,1,Indoor
10,15,20,10,1,Indoor
15,15,10,10,1,Indoor
15,15,15,10,1,Indoor
15,15,20,10,1,Indoor
20,15,10,10,1,Indoor
20,15,15,10,1,Indoor
20,15,20,10,1,Indoor
10,20,10,10,1,Indoor
10,20,15,10,1,Indoor
10,20,20,10,1,Indoor
15,20,10,10,1,Indoor
15,20,15,10,1,Indoor
15,20,20,10,1,Indoor
20,20,10,10,1,Indoor
20,20,15,10,1,Indoor
20,20,20,10,1,Indoor
10,30,10,10,1,Indoor
10,30,15,10,1,Indoor
10,30,20,10,1,Indoor
15,30,10,10,1,Indoor
15,30,15,10,1,Indoor
15,30,20,10,1,Indoor
20,30,10,10,1,Indoor
20,30,15,10,1,Indoor
20,30,20,10,1,Indoor
10,50,10,10,1,Indoor
10,50,15,10,1,Indoor
10,50,20,10,1,Indoor
15,50,10,10,1,Indoor
15,50,15,10,1,Indoor
15,50,20,10,1,Indoor
20,50,10,10,1,Indoor
20,50,15,10,1,Indoor
20,50,20,10,1,Indoor
10,5,15,10,1,Indoor
10,5,20,10,1,Indoor
15,5,15,10,1,Indoor
15,5,20,10,1,Indoor
10,8,15,10,1,Indoor
10,8,20,10,1,Indoor
15,8,15,10,1,Indoor
15,8,20,10,1,Indoor
15,0,25,10,1,Indoor
15,2,25,10,1,Indoor
15,5,25,10,1,Indoor
18,0,25,10,1,Indoor
18,2,25,10,1,Indoor
18,5,25,10,1,Indoor
20,0,25,10,1,Indoor
20,2,25,10,1,Indoor
20,5,25,10,1,Indoor
15,0,30,10,1,Indoor
15,2,30,10,1,Indoor
15,5,30,10,1,Indoor
18,0,30,10,1,Indoor
18,2,30,10,1,Indoor
18,5,30,10,1,Indoor
20,0,30,10,1,Indoor
20,2,30,10,1,Indoor
20,5,30,10,1,Indoor
15,0,40,10,1,Indoor
15,2,40,10,1,Indoor
15,5,40,10,1,Indoor
18,0,40,10,1,Indoor
18,2,40,10,1,Indoor
18,5,40,10,1,Indoor
20,0,40,10,1,Indoor
20,2,40,10,1,Indoor
20,5,40,10,1,Indoor
15,0,50,10,1,Indoor
15,2,50,10,1,Indoor
15,5,50,10,1,Indoor
18,0,50,10,1,Indoor
18,2,50,10,1,Indoor
18,5,50,10,1,Indoor
20,0,50,10,1,Indoor
20,2,50,10,1,Indoor
20,5,50,10,1,Indoor
0,0,5,10,1,Indoor
0,0,10,10,1,Indoor
0,0,15,10,1,Indoor
0,2,5,10,1,Indoor
0,2,10,10,1,Indoor
0,2,15,10,1,Indoor
0,5,5,10,1,Indoor
0,5,10,10,1,Indoor
0,5,15,10,1,Indoor
2,0,5,10,1,Indoor
2,0,10,10,1,Indoor
2,0,15,10,1,Indoor
2,2,5,10,1,Indoor
2,2,10,10,1,Indoor
2,2,15,10,1,Indoor
2,5,5,10,1,Indoor
2,5,10,10,1,Indoor
2,5,15,10,1,Indoor
4,0,5,10,1,Indoor
4,0,10,10,1,Indoor
4,0,15,10,1,Indoor
4,2,5,10,1,Indoor
4,2,10,10,1,Indoor
4,2,15,10,1,Indoor
4,5,5,10,1,Indoor
4,5,10,10,1,Indoor
4,5,15,10,1,Indoor
6,0,5,10,1,Indoor
6,0,10,10,1,Indoor
6,0,15,10,1,Indoor
6,2,5,10,1,Indoor
6,2,10,10,1,Indoor
6,2,15,10,1,Indoor
6,5,5,10,1,Indoor
6,5,10,10,1,Indoor
6,5,15,10,1,Indoor
8,0,5,10,1,Indoor
8,0,10,10,1,Indoor
8,0,15,10,1,Indoor
8,2,5,10,1,Indoor
8,2,10,10,1,Indoor
8,2,15,10,1,Indoor
8,5,5,10,1,Indoor
8,5,10,10,1,Indoor
8,5,15,10,1,Indoor
8,3,15,10,1,Indoor
8,3,20,10,1,Indoor
10,3,15,10,1,Indoor
10,3,20,10,1,Indoor
12,3,15,10,1,Indoor
12,3,20,10,1,Indoor
8,4,15,10,1,Indoor
8,4,20,10,1,Indoor
10,4,15,10,1,Indoor
10,4,20,10,1,Indoor
12,4,15,10,1,Indoor
12,4,20,10,1,Indoor
8,6,15,10,1,Indoor
8,6,20,10,1,Indoor
10,6,15,10,1,Indoor
10,6,20,10,1,Indoor
12,6,15,10,1,Indoor
12,6,20,10,1,Indoor
10,10,10,11,1,Indoor
10,10,15,11,1,Indoor
10,10,20,11,1,Indoor
15,10,10,11,1,Indoor
15,10,15,11,1,Indoor
15,10,20,11,1,Indoor
20,10,10,11,1,Indoor
20,10,15,11,1,Indoor
20,10,20,11,1,Indoor
10,15,10,11,1,Indoor
10,15,15,11,1,Indoor
10,15,20,11,1,Indoor
15,15,10,11,1,Indoor
15,15,15,11,1,Indoor
15,15,20,11,1,Indoor
20,15,10,11,1,Indoor
20,15,15,11,1,Indoor
20,15,20,11,1,Indoor
10,20,10,11,1,Indoor
10,20,15,11,1,Indoor
10,20,20,11,1,Indoor
15,20,10,11,1,Indoor
15,20,15,11,1,Indoor
15,20,20,11,1,Indoor
20,20,10,11,1,Indoor
20,20,15,11,1,Indoor
20,20,20,11,1,Indoor
10,30,10,11,1,Indoor
10,30,15,11,1,Indoor
10,30,20,11,1,Indoor
15,30,10,11,1,Indoor
15,30,15,11,1,Indoor
15,30,20,11,1,Indoor
20,30,10,11,1,Indoor
20,30,15,11,1,Indoor
20,30,20,11,1,Indoor
10,50,10,11,1,Indoor
10,50,15,11,1,Indoor
10,50,20,11,1,Indoor
15,50,10,11,1,Indoor
15,50,15,11,1,Indoor
15,50,20,11,1,Indoor
20,50,10,11,1,Indoor
20,50,15,11,1,Indoor
20,50,20,11,1,Indoor
10,5,15,11,1,Indoor
10,5,20,11,1,Indoor
15,5,15,11,1,Indoor
15,5,20,11,1,Indoor
10,8,15,11,1,Indoor
10,8,20,11,1,Indoor
15,8,15,11,1,Indoor
15,8,20,11,1,Indoor
15,0,25,11,1,Indoor
15,2,25,11,1,Indoor
15,5,25,11,1,Indoor
18,0,25,11,1,Indoor
18,2,25,11,1,Indoor
18,5,25,11,1,Indoor
20,0,25,11,1,Indoor
20,2,25,11,1,Indoor
20,5,25,11,1,Indoor
15,0,30,11,1,Indoor
15,2,30,11,1,Indoor
15,5,30,11,1,Indoor
18,0,30,11,1,Indoor
18,2,30,11,1,Indoor
18,5,30,11,1,Indoor
20,0,30,11,1,Indoor
20,2,30,11,1,Indoor
20,5,30,11,1,Indoor
15,0,40,11,1,Indoor
15,2,40,11,1,Indoor
15,5,40,11,1,Indoor
18,0,40,11,1,Indoor
18,2,40,11,1,Indoor
18,5,40,11,1,Indoor
20,0,40,11,1,Indoor
20,2,40,11,1,Indoor
20,5,40,11,1,Indoor
15,0,50,11,1,Indoor
15,2,50,11,1,Indoor
15,5,50,11,1,Indoor
18,0,50,11,1,Indoor
18,2,50,11,1,Indoor
18,5,50,11,1,Indoor
20,0,50,11,1,Indoor
20,2,50,11,1,Indoor
20,5,50,11,1,Indoor
0,0,5,11,1,Indoor
0,0,10,11,1,Indoor
0,0,15,11,1,Indoor
0,2,5,11,1,Indoor
0,2,10,11,1,Indoor
0,2,15,11,1,Indoor
0,5,5,11,1,Indoor
0,5,10,11,1,Indoor
0,5,15,11,1,Indoor
2,0,5,11,1,Indoor
2,0,10,11,1,Indoor
2,0,15,11,1,Indoor
2,2,5,11,1,Indoor
2,2,10,11,1,Indoor
2,2,15,11,1,Indoor
2,5,5,11,1,Indoor
2,5,10,11,1,Indoor
2,5,15,11,1,Indoor
4,0,5,11,1,Indoor
4,0,10,11,1,Indoor
4,0,15,11,1,Indoor
4,2,5,11,1,Indoor
4,2,10,11,1,Indoor
4,2,15,11,1,Indoor
4,5,5,11,1,Indoor
4,5,10,11,1,Indoor
4,5,15,11,1,Indoor
6,0,5,11,1,Indoor
6,0,10,11,1,Indoor
6,0,15,11,1,Indoor
6,2,5,11,1,Indoor
6,2,10,11,1,Indoor
6,2,15,11,1,Indoor
6,5,5,11,1,Indoor
6,5,10,11,1,Indoor
6,5,15,11,1,Indoor
8,0,5,11,1,Indoor
8,0,10,11,1,Indoor
8,0,15,11,1,Indoor
8,2,5,11,1,Indoor
8,2,10,11,1,Indoor
8,2,15,11,1,Indoor
8,5,5,11,1,Indoor
8,5,10,11,1,Indoor
8,5,15,11,1,Indoor
8,3,15,11,1,Indoor
8,3,20,11,1,Indoor
10,3,15,11,1,Indoor
10,3,20,11,1,Indoor
12,3,15,11,1,Indoor
12,3,20,11,1,Indoor
8,4,15,11,1,Indoor
8,4,20,11,1,Indoor
10,4,15,11,1,Indoor
10,4,20,11,1,Indoor
12,4,15,11,1,Indoor
12,4,20,11,1,Indoor
8,6,15,11,1,Indoor
8,6,20,11,1,Indoor
10,6,15,11,1,Indoor
10,6,20,11,1,Indoor
12,6,15,11,1,Indoor
12,6,20,11,1,Indoor
10,10,10,12,1,Indoor
10,10,15,12,1,Indoor
10,10,20,12,1,Indoor
15,10,10,12,1,Indoor
15,10,15,12,1,Indoor
15,10,20,12,1,Indoor
20,10,10,12,1,Indoor
20,10,15,12,1,Indoor
20,10,20,12,1,Indoor
10,15,10,12,1,Indoor
10,15,15,12,1,Indoor
10,15,20,12,1,Indoor
15,15,10,12,1,Indoor
15,15,15,12,1,Indoor
15,15,20,12,1,Indoor
20,15,10,12,1,Indoor
20,15,15,12,1,Indoor
20,15,20,12,1,Indoor
10,20,10,12,1,Indoor
10,20,15,12,1,Indoor
10,20,20,12,1,Indoor
15,20,10,12,1,Indoor
15,20,15,12,1,Indoor
15,20,20,12,1,Indoor
20,20,10,12,1,Indoor
20,20,15,12,1,Indoor
20,20,20,12,1,Indoor
10,30,10,12,1,Indoor
10,30,15,12,1,Indoor
10,30,20,12,1,Indoor
15,30,10,12,1,Indoor
15,30,15,12,1,Indoor
15,30,20,12,1,Indoor
20,30,10,12,1,Indoor
20,30,15,12,1,Indoor
20,30,20,12,1,Indoor
10,50,10,12,1,Indoor
10,50,15,12,1,Indoor
10,50,20,12,1,Indoor
15,50,10,12,1,Indoor
15,50,15,12,1,Indoor
15,50,20,12,1,Indoor
20,50,10,12,1,Indoor
20,50,15,12,1,Indoor
20,50,20,12,1,Indoor
10,5,15,12,1,Indoor
10,5,20,12,1,Indoor
15,5,15,12,1,Indoor
15,5,20,12,1,Indoor
10,8,15,12,1,Indoor
10,8,20,12,1,Indoor
15,8,15,12,1,Indoor
15,8,20,12,1,Indoor
15,0,25,12,1,Indoor
15,2,25,12,1,Indoor
15,5,25,12,1,Indoor
18,0,25,12,1,Indoor
18,2,25,12,1,Indoor
18,5,25,12,1,Indoor
20,0,25,12,1,Indoor
20,2,25,12,1,Indoor
20,5,25,12,1,Indoor
15,0,30,12,1,Indoor
15,2,30,12,1,Indoor
15,5,30,12,1,Indoor
18,0,30,12,1,Indoor
18,2,30,12,1,Indoor
18,5,30,12,1,Indoor
20,0,30,12,1,Indoor
20,2,30,12,1,Indoor
20,5,30,12,1,Indoor
15,0,40,12,1,Indoor
15,2,40,12,1,Indoor
15,5,40,12,1,Indoor
18,0,40,12,1,Indoor
18,2,40,12,1,Indoor
18,5,40,12,1,Indoor
20,0,40,12,1,Indoor
20,2,40,12,1,Indoor
20,5,40,12,1,Indoor
15,0,50,12,1,Indoor
15,2,50,12,1,Indoor
15,5,50,12,1,Indoor
18,0,50,12,1,Indoor
18,2,50,12,1,Indoor
18,5,50,12,1,Indoor
20,0,50,12,1,Indoor
20,2,50,12,1,Indoor
20,5,50,12,1,Indoor
0,0,5,12,1,Indoor
0,0,10,12,1,Indoor
0,0,15,12,1,Indoor
0,2,5,12,1,Indoor
0,2,10,12,1,Indoor
0,2,15,12,1,Indoor
0,5,5,12,1,Indoor
0,5,10,12,1,Indoor
0,5,15,12,1,Indoor
2,0,5,12,1,Indoor
2,0,10,12,1,Indoor
2,0,15,12,1,Indoor
2,2,5,12,1,Indoor
2,2,10,12,1,Indoor
2,2,15,12,1,Indoor
2,5,5,12,1,Indoor
2,5,10,12,1,Indoor
2,5,15,12,1,Indoor
4,0,5,12,1,Indoor
4,0,10,12,1,Indoor
4,0,15,12,1,Indoor
4,2,5,12,1,Indoor
4,2,10,12,1,Indoor
4,2,15,12,1,Indoor
4,5,5,12,1,Indoor
4,5,10,12,1,Indoor
4,5,15,12,1,Indoor
6,0,5,12,1,Indoor
6,0,10,12,1,Indoor
6,0,15,12,1,Indoor
6,2,5,12,1,Indoor
6,2,10,12,1,Indoor
6,2,15,12,1,Indoor
6,5,5,12,1,Indoor
6,5,10,12,1,Indoor
6,5,15,12,1,Indoor
8,0,5,12,1,Indoor
8,0,10,12,1,Indoor
8,0,15,12,1,Indoor
8,2,5,12,1,Indoor
8,2,10,12,1,Indoor
8,2,15,12,1,Indoor
8,5,5,12,1,Indoor
8,5,10,12,1,Indoor
8,5,15,12,1,Indoor
8,3,15,12,1,Indoor
8,3,20,12,1,Indoor
10,3,15,12,1,Indoor
10,3,20,12,1,Indoor
12,3,15,12,1,Indoor
12,3,20,12,1,Indoor
8,4,15,12,1,Indoor
8,4,20,12,1,Indoor
10,4,15,12,1,Indoor
10,4,20,12,1,Indoor
12,4,15,12,1,Indoor
12,4,20,12,1,Indoor
8,6,15,12,1,Indoor
8,6,20,12,1,Indoor
10,6,15,12,1,Indoor
10,6,20,12,1,Indoor
12,6,15,12,1,Indoor
12,6,20,12,1,Indoor
10,10,10,13,1,Indoor
10,10,15,13,1,Indoor
10,10,20,13,1,Indoor
15,10,10,13,1,Indoor
15,10,15,13,1,Indoor
15,10,20,13,1,Indoor
20,10,10,13,1,Indoor
20,10,15,13,1,Indoor
20,10,20,13,1,Indoor
10,15,10,13,1,Indoor
10,15,15,13,1,Indoor
10,15,20,13,1,Indoor
15,15,10,13,1,Indoor
15,15,15,13,1,Indoor
15,15,20,13,1,Indoor
20,15,10,13,1,Indoor
20,15,15,13,1,Indoor
20,15,20,13,1,Indoor
10,20,10,13,1,Indoor
10,20,15,13,1,Indoor
10,20,20,13,1,Indoor
15,20,10,13,1,Indoor
15,20,15,13,1,Indoor
15,20,20,13,1,Indoor
20,20,10,13,1,Indoor
20,20,15,13,1,Indoor
20,20,20,13,1,Indoor
10,30,10,13,1,Indoor
10,30,15,13,1,Indoor
10,30,20,13,1,Indoor
15,30,10,13,1,Indoor
15,30,15,13,1,Indoor
15,30,20,13,1,Indoor
20,30,10,13,1,Indoor
20,30,15,13,1,Indoor
20,30,20,13,1,Indoor
10,50,10,13,1,Indoor
10,50,15,13,1,Indoor
10,50,20,13,1,Indoor
15,50,10,13,1,Indoor
15,50,15,13,1,Indoor
15,50,20,13,1,Indoor
20,50,10,13,1,Indoor
20,50,15,13,1,Indoor
20,50,20,13,1,Indoor
10,5,15,13,1,Indoor
10,5,20,13,1,Indoor
15,5,15,13,1,Indoor
15,5,20,13,1,Indoor
10,8,15,13,1,Indoor
10,8,20,13,1,Indoor
15,8,15,13,1,Indoor
15,8,20,13,1,Indoor
15,0,25,13,1,Indoor
15,2,25,13,1,Indoor
15,5,25,13,1,Indoor
18,0,25,13,1,Indoor
18,2,25,13,1,Indoor
18,5,25,13,1,Indoor
20,0,25,13,1,Indoor
20,2,25,13,1,Indoor
20,5,25,13,1,Indoor
15,0,30,13,1,Indoor
15,2,30,13,1,Indoor
15,5,30,13,1,Indoor
18,0,30,13,1,Indoor
18,2,30,13,1,Indoor
18,5,30,13,1,Indoor
20,0,30,13,1,Indoor
20,2,30,13,1,Indoor
20,5,30,13,1,Indoor
15,0,40,13,1,Indoor
15,2,40,13,1,Indoor
15,5,40,13,1,Indoor
18,0,40,13,1,Indoor
18,2,40,13,1,Indoor
18,5,40,13,1,Indoor
20,0,40,13,1,Indoor
20,2,40,13,1,Indoor
20,5,40,13,1,Indoor
15,0,50,13,1,Indoor
15,2,50,13,1,Indoor
15,5,50,13,1,Indoor
18,0,50,13,1,Indoor
18,2,50,13,1,Indoor
18,5,50,13,1,Indoor
20,0,50,13,1,Indoor
20,2,50,13,1,Indoor
20,5,50,13,1,Indoor
0,0,5,13,1,Indoor
0,0,10,13,1,Indoor
0,0,15,13,1,Indoor
0,2,5,13,1,Indoor
0,2,10,13,1,Indoor
0,2,15,13,1,Indoor
0,5,5,13,1,Indoor
0,5,10,13,1,Indoor
0,5,15,13,1,Indoor
2,0,5,13,1,Indoor
2,0,10,13,1,Indoor
2,0,15,13,1,Indoor
2,2,5,13,1,Indoor
2,2,10,13,1,Indoor
2,2,15,13,1,Indoor
2,5,5,13,1,Indoor
2,5,10,13,1,Indoor
2,5,15,13,1,Indoor
4,0,5,13,1,Indoor
4,0,10,13,1,Indoor
4,0,15,13,1,Indoor
4,2,5,13,1,Indoor
4,2,10,13,1,Indoor
4,2,15,13,1,Indoor
4,5,5,13,1,Indoor
4,5,10,13,1,Indoor
4,5,15,13,1,Indoor
6,0,5,13,1,Indoor
6,0,10,13,1,Indoor
6,0,15,13,1,Indoor
6,2,5,13,1,Indoor
6,2,10,13,1,Indoor
6,2,15,13,1,Indoor
6,5,5,13,1,Indoor
6,5,10,13,1,Indoor
6,5,15,13,1,Indoor
8,0,5,13,1,Indoor
8,0,10,13,1,Indoor
8,0,15,13,1,Indoor
8,2,5,13,1,Indoor
8,2,10,13,1,Indoor
8,2,15,13,1,Indoor
8,5,5,13,1,Indoor
8,5,10,13,1,Indoor
8,5,15,13,1,Indoor
8,3,15,13,1,Indoor
8,3,20,13,1,Indoor
10,3,15,13,1,Indoor
10,3,20,13,1,Indoor
12,3,15,13,1,Indoor
12,3,20,13,1,Indoor
8,4,15,13,1,Indoor
8,4,20,13,1,Indoor
10,4,15,13,1,Indoor
10,4,20,13,1,Indoor
12,4,15,13,1,Indoor
12,4,20,13,1,Indoor
8,6,15,13,1,Indoor
8,6,20,13,1,Indoor
10,6,15,13,1,Indoor
10,6,20,13,1,Indoor
12,6,15,13,1,Indoor
12,6,20,13,1,Indoor
10,10,10,14,1,Indoor
10,10,15,14,1,Indoor
10,10,20,14,1,Indoor
15,10,10,14,1,Indoor
15,10,15,14,1,Indoor
15,10,20,14,1,Indoor
20,10,10,14,1,Indoor
20,10,15,14,1,Indoor
20,10,20,14,1,Indoor
10,15,10,14,1,Indoor
10,15,15,14,1,Indoor
10,15,20,14,1,Indoor
15,15,10,14,1,Indoor
15,15,15,14,1,Indoor
15,15,20,14,1,Indoor
20,15,10,14,1,Indoor
20,15,15,14,1,Indoor
20,15,20,14,1,Indoor
10,20,10,14,1,Indoor
10,20,15,14,1,Indoor
10,20,20,14,1,Indoor
15,20,10,14,1,Indoor
15,20,15,14,1,Indoor
15,20,20,14,1,Indoor
20,20,10,14,1,Indoor
20,20,15,14,1,Indoor
20,20,20,14,1,Indoor
10,30,10,14,1,Indoor
10,30,15,14,1,Indoor
10,30,20,14,1,Indoor
15,30,10,14,1,Indoor
15,30,15,14,1,Indoor
15,30,20,14,1,Indoor
20,30,10,14,1,Indoor
20,30,15,14,1,Indoor
20,30,20,14,1,Indoor
10,50,10,14,1,Indoor
10,50,15,14,1,Indoor
10,50,20,14,1,Indoor
15,50,10,14,1,Indoor
15,50,15,14,1,Indoor
15,50,20,14,1,Indoor
20,50,10,14,1,Indoor
20,50,15,14,1,Indoor
20,50,20,14,1,Indoor
10,5,15,14,1,Indoor
10,5,20,14,1,Indoor
15,5,15,14,1,Indoor
15,5,20,14,1,Indoor
10,8,15,14,1,Indoor
10,8,20,14,1,Indoor
15,8,15,14,1,Indoor
15,8,20,14,1,Indoor
15,0,25,14,1,Indoor
15,2,25,14,1,Indoor
15,5,25,14,1,Indoor
18,0,25,14,1,Indoor
18,2,25,14,1,Indoor
18,5,25,14,1,Indoor
20,0,25,14,1,Indoor
20,2,25,14,1,Indoor
20,5,25,14,1,Indoor
15,0,30,14,1,Indoor
15,2,30,14,1,Indoor
15,5,30,14,1,Indoor
18,0,30,14,1,Indoor
18,2,30,14,1,Indoor
18,5,30,14,1,Indoor
20,0,30,14,1,Indoor
20,2,30,14,1,Indoor
20,5,30,14,1,Indoor
15,0,40,14,1,Indoor
15,2,40,14,1,Indoor
15,5,40,14,1,Indoor
18,0,40,14,1,Indoor
18,2,40,14,1,Indoor
18,5,40,14,1,Indoor
20,0,40,14,1,Indoor
20,2,40,14,1,Indoor
20,5,40,14,1,Indoor
15,0,50,14,1,Indoor
15,2,50,14,1,Indoor
15,5,50,14,1,Indoor
18,0,50,14,1,Indoor
18,2,50,14,1,Indoor
18,5,50,14,1,Indoor
20,0,50,14,1,Indoor
20,2,50,14,1,Indoor
20,5,50,14,1,Indoor
0,0,5,14,1,Indoor
0,0,10,14,1,Indoor
0,0,15,14,1,Indoor
0,2,5,14,1,Indoor
0,2,10,14,1,Indoor
0,2,15,14,1,Indoor
0,5,5,14,1,Indoor
0,5,10,14,1,Indoor
0,5,15,14,1,Indoor
2,0,5,14,1,Indoor
2,0,10,14,1,Indoor
2,0,15,14,1,Indoor
2,2,5,14,1,Indoor
2,2,10,14,1,Indoor
2,2,15,14,1,Indoor
2,5,5,14,1,Indoor
2,5,10,14,1,Indoor
2,5,15,14,1,Indoor
4,0,5,14,1,Indoor
4,0,10,14,1,Indoor
4,0,15,14,1,Indoor
4,2,5,14,1,Indoor
4,2,10,14,1,Indoor
4,2,15,14,1,Indoor
4,5,5,14,1,Indoor
4,5,10,14,1,Indoor
4,5,15,14,1,Indoor
6,0,5,14,1,Indoor
6,0,10,14,1,Indoor
6,0,15,14,1,Indoor
6,2,5,14,1,Indoor
6,2,10,14,1,Indoor
6,2,15,14,1,Indoor
6,5,5,14,1,Indoor
6,5,10,14,1,Indoor
6,5,15,14,1,Indoor
8,0,5,14,1,Indoor
8,0,10,14,1,Indoor
8,0,15,14,1,Indoor
8,2,5,14,1,Indoor
8,2,10,14,1,Indoor
8,2,15,14,1,Indoor
8,5,5,14,1,Indoor
8,5,10,14,1,Indoor
8,5,15,14,1,Indoor
8,3,15,14,1,Indoor
8,3,20,14,1,Indoor
10,3,15,14,1,Indoor
10,3,20,14,1,Indoor
12,3,15,14,1,Indoor
12,3,20,14,1,Indoor
8,4,15,14,1,Indoor
8,4,20,14,1,Indoor
10,4,15,14,1,Indoor
10,4,20,14,1,Indoor
12,4,15,14,1,Indoor
12,4,20,14,1,Indoor
8,6,15,14,1,Indoor
8,6,20,14,1,Indoor
10,6,15,14,1,Indoor
10,6,20,14,1,Indoor
12,6,15,14,1,Indoor
12,6,20,14,1,Indoor
10,10,10,15,1,Indoor
10,10,15,15,1,Indoor
10,10,20,15,1,Indoor
15,10,10,15,1,Indoor
15,10,15,15,1,Indoor
15,10,20,15,1,Indoor
20,10,10,15,1,Indoor
20,10,15,15,1,Indoor
20,10,20,15,1,Indoor
10,15,10,15,1,Indoor
10,15,15,15,1,Indoor
10,15,20,15,1,Indoor
15,15,10,15,1,Indoor
15,15,15,15,1,Indoor
15,15,20,15,1,Indoor
20,15,10,15,1,Indoor
20,15,15,15,1,Indoor
20,15,20,15,1,Indoor
10,20,10,15,1,Indoor
10,20,15,15,1,Indoor
10,20,20,15,1,Indoor
15,20,10,15,1,Indoor
15,20,15,15,1,Indoor
15,20,20,15,1,Indoor
20,20,10,15,1,Indoor
20,20,15,15,1,Indoor
20,20,20,15,1,Indoor
10,30,10,15,1,Indoor
10,30,15,15,1,Indoor
10,30,20,15,1,Indoor
15,30,10,15,1,Indoor
15,30,15,15,1,Indoor
15,30,20,15,1,Indoor
20,30,10,15,1,Indoor
20,30,15,15,1,Indoor
20,30,20,15,1,Indoor
10,50,10,15,1,Indoor
10,50,15,15,1,Indoor
10,50,20,15,1,Indoor
15,50,10,15,1,Indoor
15,50,15,15,1,Indoor
15,50,20,15,1,Indoor
20,50,10,15,1,Indoor
20,50,15,15,1,Indoor
20,50,20,15,1,Indoor
10,5,15,15,1,Indoor
10,5,20,15,1,Indoor
15,5,15,15,1,Indoor
15,5,20,15,1,Indoor
10,8,15,15,1,Indoor
10,8,20,15,1,Indoor
15,8,15,15,1,Indoor
15,8,20,15,1,Indoor
15,0,25,15,1,Indoor
15,2,25,15,1,Indoor
15,5,25,15,1,Indoor
18,0,25,15,1,Indoor
18,2,25,15,1,Indoor
18,5,25,15,1,Indoor
20,0,25,15,1,Indoor
20,2,25,15,1,Indoor
20,5,25,15,1,Indoor
15,0,30,15,1,Indoor
15,2,30,15,1,Indoor
15,5,30,15,1,Indoor
18,0,30,15,1,Indoor
18,2,30,15,1,Indoor
18,5,30,15,1,Indoor
20,0,30,15,1,Indoor
20,2,30,15,1,Indoor
20,5,30,15,1,Indoor
15,0,40,15,1,Indoor
15,2,40,15,1,Indoor
15,5,40,15,1,Indoor
18,0,40,15,1,Indoor
18,2,40,15,1,Indoor
18,5,40,15,1,Indoor
20,0,40,15,1,Indoor
20,2,40,15,1,Indoor
20,5,40,15,1,Indoor
15,0,50,15,1,Indoor
15,2,50,15,1,Indoor
15,5,50,15,1,Indoor
18,0,50,15,1,Indoor
18,2,50,15,1,Indoor
18,5,50,15,1,Indoor
20,0,50,15,1,Indoor
20,2,50,15,1,Indoor
20,5,50,15,1,Indoor
0,0,5,15,1,Indoor
0,0,10,15,1,Indoor
0,0,15,15,1,Indoor
0,2,5,15,1,Indoor
0,2,10,15,1,Indoor
0,2,15,15,1,Indoor
0,5,5,15,1,Indoor
0,5,10,15,1,Indoor
0,5,15,15,1,Indoor
2,0,5,15,1,Indoor
2,0,10,15,1,Indoor
2,0,15,15,1,Indoor
2,2,5,15,1,Indoor
2,2,10,15,1,Indoor
2,2,15,15,1,Indoor
2,5,5,15,1,Indoor
2,5,10,15,1,Indoor
2,5,15,15,1,Indoor
4,0,5,15,1,Indoor
4,0,10,15,1,Indoor
4,0,15,15,1,Indoor
4,2,5,15,1,Indoor
4,2,10,15,1,Indoor
4,2,15,15,1,Indoor
4,5,5,15,1,Indoor
4,5,10,15,1,Indoor
4,5,15,15,1,Indoor
6,0,5,15,1,Indoor
6,0,10,15,1,Indoor
6,0,15,15,1,Indoor
6,2,5,15,1,Indoor
6,2,10,15,1,Indoor
6,2,15,15,1,Indoor
6,5,5,15,1,Indoor
6,5,10,15,1,Indoor
6,5,15,15,1,Indoor
8,0,5,15,1,Indoor
8,0,10,15,1,Indoor
8,0,15,15,1,Indoor
8,2,5,15,1,Indoor
8,2,10,15,1,Indoor
8,2,15,15,1,Indoor
8,5,5,15,1,Indoor
8,5,10,15,1,Indoor
8,5,15,15,1,Indoor
8,3,15,15,1,Indoor
8,3,20,15,1,Indoor
10,3,15,15,1,Indoor
10,3,20,15,1,Indoor
12,3,15,15,1,Indoor
12,3,20,15,1,Indoor
8,4,15,15,1,Indoor
8,4,20,15,1,Indoor
10,4,15,15,1,Indoor
10,4,20,15,1,Indoor
12,4,15,15,1,Indoor
12,4,20,15,1,Indoor
8,6,15,15,1,Indoor
8,6,20,15,1,Indoor
10,6,15,15,1,Indoor
10,6,20,15,1,Indoor
12,6,15,15,1,Indoor
12,6,20,15,1,Indoor
10,10,10,16,1,Indoor
10,10,15,16,1,Indoor
10,10,20,16,1,Indoor
15,10,10,16,1,Indoor
15,10,15,16,1,Indoor
15,10,20,16,1,Indoor
20,10,10,16,1,Indoor
20,10,15,16,1,Indoor
20,10,20,16,1,Indoor
10,15,10,16,1,Indoor
10,15,15,16,1,Indoor
10,15,20,16,1,Indoor
15,15,10,16,1,Indoor
15,15,15,16,1,Indoor
15,15,20,16,1,Indoor
20,15,10,16,1,Indoor
20,15,15,16,1,Indoor
20,15,20,16,1,Indoor
10,20,10,16,1,Indoor
10,20,15,16,1,Indoor
10,20,20,16,1,Indoor
15,20,10,16,1,Indoor
15,20,15,16,1,Indoor
15,20,20,16,1,Indoor
20,20,10,16,1,Indoor
20,20,15,16,1,Indoor
20,20,20,16,1,Indoor
10,30,10,16,1,Indoor
10,30,15,16,1,Indoor
10,30,20,16,1,Indoor
15,30,10,16,1,Indoor
15,30,15,16,1,Indoor
15,30,20,16,1,Indoor
20,30,10,16,1,Indoor
20,30,15,16,1,Indoor
20,30,20,16,1,Indoor
10,50,10,16,1,Indoor
10,50,15,16,1,Indoor
10,50,20,16,1,Indoor
15,50,10,16,1,Indoor
15,50,15,16,1,Indoor
15,50,20,16,1,Indoor
20,50,10,16,1,Indoor
20,50,15,16,1,Indoor
20,50,20,16,1,Indoor
10,5,15,16,1,Indoor
10,5,20,16,1,Indoor
15,5,15,16,1,Indoor
15,5,20,16,1,Indoor
10,8,15,16,1,Indoor
10,8,20,16,1,Indoor
15,8,15,16,1,Indoor
15,8,20,16,1,Indoor
15,0,25,16,1,Indoor
15,2,25,16,1,Indoor
15,5,25,16,1,Indoor
18,0,25,16,1,Indoor
18,2,25,16,1,Indoor
18,5,25,16,1,Indoor
20,0,25,16,1,Indoor
20,2,25,16,1,Indoor
20,5,25,16,1,Indoor
15,0,30,16,1,Indoor
15,2,30,16,1,Indoor
15,5,30,16,1,Indoor
18,0,30,16,1,Indoor
18,2,30,16,1,Indoor
18,5,30,16,1,Indoor
20,0,30,16,1,Indoor
20,2,30,16,1,Indoor
20,5,30,16,1,Indoor
15,0,40,16,1,Indoor
15,2,40,16,1,Indoor
15,5,40,16,1,Indoor
18,0,40,16,1,Indoor
18,2,40,16,1,Indoor
18,5,40,16,1,Indoor
20,0,40,16,1,Indoor
20,2,40,16,1,Indoor
20,5,40,16,1,Indoor
15,0,50,16,1,Indoor
15,2,50,16,1,Indoor
15,5,50,16,1,Indoor
18,0,50,16,1,Indoor
18,2,50,16,1,Indoor
18,5,50,16,1,Indoor
20,0,50,16,1,Indoor
20,2,50,16,1,Indoor
20,5,50,16,1,Indoor
0,0,5,16,1,Indoor
0,0,10,16,1,Indoor
0,0,15,16,1,Indoor
0,2,5,16,1,Indoor
0,2,10,16,1,Indoor
0,2,15,16,1,Indoor
0,5,5,16,1,Indoor
0,5,10,16,1,Indoor
0,5,15,16,1,Indoor
2,0,5,16,1,Indoor
2,0,10,16,1,Indoor
2,0,15,16,1,Indoor
2,2,5,16,1,Indoor
2,2,10,16,1,Indoor
2,2,15,16,1,Indoor
2,5,5,16,1,Indoor
2,5,10,16,1,Indoor
2,5,15,16,1,Indoor
4,0,5,16,1,Indoor
4,0,10,16,1,Indoor
4,0,15,16,1,Indoor
4,2,5,16,1,Indoor
4,2,10,16,1,Indoor
4,2,15,16,1,Indoor
4,5,5,16,1,Indoor
4,5,10,16,1,Indoor
4,5,15,16,1,Indoor
6,0,5,16,1,Indoor
6,0,10,16,1,Indoor
6,0,15,16,1,Indoor
6,2,5,16,1,Indoor
6,2,10,16,1,Indoor
6,2,15,16,1,Indoor
6,5,5,16,1,Indoor
6,5,10,16,1,Indoor
6,5,15,16,1,Indoor
8,0,5,16,1,Indoor
8,0,10,16,1,Indoor
8,0,15,16,1,Indoor
8,2,5,16,1,Indoor
8,2,10,16,1,Indoor
8,2,15,16,1,Indoor
8,5,5,16,1,Indoor
8,5,10,16,1,Indoor
8,5,15,16,1,Indoor
8,3,15,16,1,Indoor
8,3,20,16,1,Indoor
10,3,15,16,1,Indoor
10,3,20,16,1,Indoor
12,3,15,16,1,Indoor
12,3,20,16,1,Indoor
8,4,15,16,1,Indoor
8,4,20,16,1,Indoor
10,4,15,16,1,Indoor
10,4,20,16,1,Indoor
12,4,15,16,1,Indoor
12,4,20,16,1,Indoor
8,6,15,16,1,Indoor
8,6,20,16,1,Indoor
10,6,15,16,1,Indoor
10,6,20,16,1,Indoor
12,6,15,16,1,Indoor
12,6,20,16,1,Indoor
10,10,10,17,1,Indoor
10,10,15,17,1,Indoor
10,10,20,17,1,Indoor
15,10,10,17,1,Indoor
15,10,15,17,1,Indoor
15,10,20,17,1,Indoor
20,10,10,17,1,Indoor
20,10,15,17,1,Indoor
20,10,20,17,1,Indoor
10,15,10,17,1,Indoor
10,15,15,17,1,Indoor
10,15,20,17,1,Indoor
15,15,10,17,1,Indoor
15,15,15,17,1,Indoor
15,15,20,17,1,Indoor
20,15,10,17,1,Indoor
20,15,15,17,1,Indoor
20,15,20,17,1,Indoor
10,20,10,17,1,Indoor
10,20,15,17,1,Indoor
10,20,20,17,1,Indoor
15,20,10,17,1,Indoor
15,20,15,17,1,Indoor
15,20,20,17,1,Indoor
20,20,10,17,1,Indoor
20,20,15,17,1,Indoor
20,20,20,17,1,Indoor
10,30,10,17,1,Indoor
10,30,15,17,1,Indoor
10,30,20,17,1,Indoor
15,30,10,17,1,Indoor
15,30,15,17,1,Indoor
15,30,20,17,1,Indoor
20,30,10,17,1,Indoor
20,30,15,17,1,Indoor
20,30,20,17,1,Indoor
10,50,10,17,1,Indoor
10,50,15,17,1,Indoor
10,50,20,17,1,Indoor
15,50,10,17,1,Indoor
15,50,15,17,1,Indoor
15,50,20,17,1,Indoor
20,50,10,17,1,Indoor
20,50,15,17,1,Indoor
20,50,20,17,1,Indoor
10,5,15,17,1,Indoor
10,5,20,17,1,Indoor
15,5,15,17,1,Indoor
15,5,20,17,1,Indoor
10,8,15,17,1,Indoor
10,8,20,17,1,Indoor
15,8,15,17,1,Indoor
15,8,20,17,1,Indoor
15,0,25,17,1,Indoor
15,2,25,17,1,Indoor
15,5,25,17,1,Indoor
18,0,25,17,1,Indoor
18,2,25,17,1,Indoor
18,5,25,17,1,Indoor
20,0,25,17,1,Indoor
20,2,25,17,1,Indoor
20,5,25,17,1,Indoor
15,0,30,17,1,Indoor
15,2,30,17,1,Indoor
15,5,30,17,1,Indoor
18,0,30,17,1,Indoor
18,2,30,17,1,Indoor
18,5,30,17,1,Indoor
20,0,30,17,1,Indoor
20,2,30,17,1,Indoor
20,5,30,17,1,Indoor
15,0,40,17,1,Indoor
15,2,40,17,1,Indoor
15,5,40,17,1,Indoor
18,0,40,17,1,Indoor
18,2,40,17,1,Indoor
18,5,40,17,1,Indoor
20,0,40,17,1,Indoor
20,2,40,17,1,Indoor
20,5,40,17,1,Indoor
15,0,50,17,1,Indoor
15,2,50,17,1,Indoor
15,5,50,17,1,Indoor
18,0,50,17,1,Indoor
18,2,50,17,1,Indoor
18,5,50,17,1,Indoor
20,0,50,17,1,Indoor
20,2,50,17,1,Indoor
20,5,50,17,1,Indoor
0,0,5,17,1,Indoor
0,0,10,17,1,Indoor
0,0,15,17,1,Indoor
0,2,5,17,1,Indoor
0,2,10,17,1,Indoor
0,2,15,17,1,Indoor
0,5,5,17,1,Indoor
0,5,10,17,1,Indoor
0,5,15,17,1,Indoor
2,0,5,17,1,Indoor
2,0,10,17,1,Indoor
2,0,15,17,1,Indoor
2,2,5,17,1,Indoor
2,2,10,17,1,Indoor
2,2,15,17,1,Indoor
2,5,5,17,1,Indoor
2,5,10,17,1,Indoor
2,5,15,17,1,Indoor
4,0,5,17,1,Indoor
4,0,10,17,1,Indoor
4,0,15,17,1,Indoor
4,2,5,17,1,Indoor
4,2,10,17,1,Indoor
4,2,15,17,1,Indoor
4,5,5,17,1,Indoor
4,5,10,17,1,Indoor
4,5,15,17,1,Indoor
6,0,5,17,1,Indoor
6,0,10,17,1,Indoor
6,0,15,17,1,Indoor
6,2,5,17,1,Indoor
6,2,10,17,1,Indoor
6,2,15,17,1,Indoor
6,5,5,17,1,Indoor
6,5,10,17,1,Indoor
6,5,15,17,1,Indoor
8,0,5,17,1,Indoor
8,0,10,17,1,Indoor
8,0,15,17,1,Indoor
8,2,5,17,1,Indoor
8,2,10,17,1,Indoor
8,2,15,17,1,Indoor
8,5,5,17,1,Indoor
8,5,10,17,1,Indoor
8,5,15,17,1,Indoor
8,3,15,17,1,Indoor
8,3,20,17,1,Indoor
10,3,15,17,1,Indoor
10,3,20,17,1,Indoor
12,3,15,17,1,Indoor
12,3,20,17,1,Indoor
8,4,15,17,1,Indoor
8,4,20,17,1,Indoor
10,4,15,17,1,Indoor
10,4,20,17,1,Indoor
12,4,15,17,1,Indoor
12,4,20,17,1,Indoor
8,6,15,17,1,Indoor
8,6,20,17,1,Indoor
10,6,15,17,1,Indoor
10,6,20,17,1,Indoor
12,6,15,17,1,Indoor
12,6,20,17,1,Indoor
10,10,10,18,1,Indoor
10,10,15,18,1,Indoor
10,10,20,18,1,Indoor
15,10,10,18,1,Indoor
15,10,15,18,1,Indoor
15,10,20,18,1,Indoor
20,10,10,18,1,Indoor
20,10,15,18,1,Indoor
20,10,20,18,1,Indoor
10,15,10,18,1,Indoor
10,15,15,18,1,Indoor
10,15,20,18,1,Indoor
15,15,10,18,1,Indoor
15,15,15,18,1,Indoor
15,15,20,18,1,Indoor
20,15,10,18,1,Indoor
20,15,15,18,1,Indoor
20,15,20,18,1,Indoor
10,20,10,18,1,Indoor
10,20,15,18,1,Indoor
10,20,20,18,1,Indoor
15,20,10,18,1,Indoor
15,20,15,18,1,Indoor
15,20,20,18,1,Indoor
20,20,10,18,1,Indoor
20,20,15,18,1,Indoor
20,20,20,18,1,Indoor
10,30,10,18,1,Indoor
10,30,15,18,1,Indoor
10,30,20,18,1,Indoor
15,30,10,18,1,Indoor
15,30,15,18,1,Indoor
15,30,20,18,1,Indoor
20,30,10,18,1,Indoor
20,30,15,18,1,Indoor
20,30,20,18,1,Indoor
10,50,10,18,1,Indoor
10,50,15,18,1,Indoor
10,50,20,18,1,Indoor
15,50,10,18,1,Indoor
15,50,15,18,1,Indoor
15,50,20,18,1,Indoor
20,50,10,18,1,Indoor
20,50,15,18,1,Indoor
20,50,20,18,1,Indoor
10,5,15,18,1,Indoor
10,5,20,18,1,Indoor
15,5,15,18,1,Indoor
15,5,20,18,1,Indoor
10,8,15,18,1,Indoor
10,8,20,18,1,Indoor
15,8,15,18,1,Indoor
15,8,20,18,1,Indoor
15,0,25,18,1,Indoor
15,2,25,18,1,Indoor
15,5,25,18,1,Indoor
18,0,25,18,1,Indoor
18,2,25,18,1,Indoor
18,5,25,18,1,Indoor
20,0,25,18,1,Indoor
20,2,25,18,1,Indoor
20,5,25,18,1,Indoor
15,0,30,18,1,Indoor
15,2,30,18,1,Indoor
15,5,30,18,1,Indoor
18,0,30,18,1,Indoor
18,2,30,18,1,Indoor
18,5,30,18,1,Indoor
20,0,30,18,1,Indoor
20,2,30,18,1,Indoor
20,5,30,18,1,Indoor
15,0,40,18,1,Indoor
15,2,40,18,1,Indoor
15,5,40,18,1,Indoor
18,0,40,18,1,Indoor
18,2,40,18,1,Indoor
18,5,40,18,1,Indoor
20,0,40,18,1,Indoor
20,2,40,18,1,Indoor
20,5,40,18,1,Indoor
15,0,50,18,1,Indoor
15,2,50,18,1,Indoor
15,5,50,18,1,Indoor
18,0,50,18,1,Indoor
18,2,50,18,1,Indoor
18,5,50,18,1,Indoor
20,0,50,18,1,Indoor
20,2,50,18,1,Indoor
20,5,50,18,1,Indoor
0,0,5,18,1,Indoor
0,0,10,18,1,Indoor
0,0,15,18,1,Indoor
0,2,5,18,1,Indoor
0,2,10,18,1,Indoor
0,2,15,18,1,Indoor
0,5,5,18,1,Indoor
0,5,10,18,1,Indoor
0,5,15,18,1,Indoor
2,0,5,18,1,Indoor
2,0,10,18,1,Indoor
2,0,15,18,1,Indoor
2,2,5,18,1,Indoor
2,2,10,18,1,Indoor
2,2,15,18,1,Indoor
2,5,5,18,1,Indoor
2,5,10,18,1,Indoor
2,5,15,18,1,Indoor
4,0,5,18,1,Indoor
4,0,10,18,1,Indoor
4,0,15,18,1,Indoor
4,2,5,18,1,Indoor
4,2,10,18,1,Indoor
4,2,15,18,1,Indoor
4,5,5,18,1,Indoor
4,5,10,18,1,Indoor
4,5,15,18,1,Indoor
6,0,5,18,1,Indoor
6,0,10,18,1,Indoor
6,0,15,18,1,Indoor
6,2,5,18,1,Indoor
6,2,10,18,1,Indoor
6,2,15,18,1,Indoor
6,5,5,18,1,Indoor
6,5,10,18,1,Indoor
6,5,15,18,1,Indoor
8,0,5,18,1,Indoor
8,0,10,18,1,Indoor
8,0,15,18,1,Indoor
8,2,5,18,1,Indoor
8,2,10,18,1,Indoor
8,2,15,18,1,Indoor
8,5,5,18,1,Indoor
8,5,10,18,1,Indoor
8,5,15,18,1,Indoor
8,3,15,18,1,Indoor
8,3,20,18,1,Indoor
10,3,15,18,1,Indoor
10,3,20,18,1,Indoor
12,3,15,18,1,Indoor
12,3,20,18,1,Indoor
8,4,15,18,1,Indoor
8,4,20,18,1,Indoor
10,4,15,18,1,Indoor
10,4,20,18,1,Indoor
12,4,15,18,1,Indoor
12,4,20,18,1,Indoor
8,6,15,18,1,Indoor
8,6,20,18,1,Indoor
10,6,15,18,1,Indoor
10,6,20,18,1,Indoor
12,6,15,18,1,Indoor
12,6,20,18,1,Indoor
10,10,10,19,1,Indoor
10,10,15,19,1,Indoor
10,10,20,19,1,Indoor
15,10,10,19,1,Indoor
15,10,15,19,1,Indoor
15,10,20,19,1,Indoor
20,10,10,19,1,Indoor
20,10,15,19,1,Indoor
20,10,20,19,1,Indoor
10,15,10,19,1,Indoor
10,15,15,19,1,Indoor
10,15,20,19,1,Indoor
15,15,10,19,1,Indoor
15,15,15,19,1,Indoor
15,15,20,19,1,Indoor
20,15,10,19,1,Indoor
20,15,15,19,1,Indoor
20,15,20,19,1,Indoor
10,20,10,19,1,Indoor
10,20,15,19,1,Indoor
10,20,20,19,1,Indoor
15,20,10,19,1,Indoor
15,20,15,19,1,Indoor
15,20,20,19,1,Indoor
20,20,10,19,1,Indoor
20,20,15,19,1,Indoor
20,20,20,19,1,Indoor
10,30,10,19,1,Indoor
10,30,15,19,1,Indoor
10,30,20,19,1,Indoor
15,30,10,19,1,Indoor
15,30,15,19,1,Indoor
15,30,20,19,1,Indoor
20,30,10,19,1,Indoor
20,30,15,19,1,Indoor
20,30,20,19,1,Indoor
10,50,10,19,1,Indoor
10,50,15,19,1,Indoor
10,50,20,19,1,Indoor
15,50,10,19,1,Indoor
15,50,15,19,1,Indoor
15,50,20,19,1,Indoor
20,50,10,19,1,Indoor
20,50,15,19,1,Indoor
20,50,20,19,1,Indoor
10,5,15,19,1,Indoor
10,5,20,19,1,Indoor
15,5,15,19,1,Indoor
15,5,20,19,1,Indoor
10,8,15,19,1,Indoor
10,8,20,19,1,Indoor
15,8,15,19,1,Indoor
15,8,20,19,1,Indoor
15,0,25,19,1,Indoor
15,2,25,19,1,Indoor
15,5,25,19,1,Indoor
18,0,25,19,1,Indoor
18,2,25,19,1,Indoor
18,5,25,19,1,Indoor
20,0,25,19,1,Indoor
20,2,25,19,1,Indoor
20,5,25,19,1,Indoor
15,0,30,19,1,Indoor
15,2,30,19,1,Indoor
15,5,30,19,1,Indoor
18,0,30,19,1,Indoor
18,2,30,19,1,Indoor
18,5,30,19,1,Indoor
20,0,30,19,1,Indoor
20,2,30,19,1,Indoor
20,5,30,19,1,Indoor
15,0,40,19,1,Indoor
15,2,40,19,1,Indoor
15,5,40,19,1,Indoor
18,0,40,19,1,Indoor
18,2,40,19,1,Indoor
18,5,40,19,1,Indoor
20,0,40,19,1,Indoor
20,2,40,19,1,Indoor
20,5,40,19,1,Indoor
15,0,50,19,1,Indoor
15,2,50,19,1,Indoor
15,5,50,19,1,Indoor
18,0,50,19,1,Indoor
18,2,50,19,1,Indoor
18,5,50,19,1,Indoor
20,0,50,19,1,Indoor
20,2,50,19,1,Indoor
20,5,50,19,1,Indoor
0,0,5,19,1,Indoor
0,0,10,19,1,Indoor
0,0,15,19,1,Indoor
0,2,5,19,1,Indoor
0,2,10,19,1,Indoor
0,2,15,19,1,Indoor
0,5,5,19,1,Indoor
0,5,10,19,1,Indoor
0,5,15,19,1,Indoor
2,0,5,19,1,Indoor
2,0,10,19,1,Indoor
2,0,15,19,1,Indoor
2,2,5,19,1,Indoor
2,2,10,19,1,Indoor
2,2,15,19,1,Indoor
2,5,5,19,1,Indoor
2,5,10,19,1,Indoor
2,5,15,19,1,Indoor
4,0,5,19,1,Indoor
4,0,10,19,1,Indoor
4,0,15,19,1,Indoor
4,2,5,19,1,Indoor
4,2,10,19,1,Indoor
4,2,15,19,1,Indoor
4,5,5,19,1,Indoor
4,5,10,19,1,Indoor
4,5,15,19,1,Indoor
6,0,5,19,1,Indoor
6,0,10,19,1,Indoor
6,0,15,19,1,Indoor
6,2,5,19,1,Indoor
6,2,10,19,1,Indoor
6,2,15,19,1,Indoor
6,5,5,19,1,Indoor
6,5,10,19,1,Indoor
6,5,15,19,1,Indoor
8,0,5,19,1,Indoor
8,0,10,19,1,Indoor
8,0,15,19,1,Indoor
8,2,5,19,1,Indoor
8,2,10,19,1,Indoor
8,2,15,19,1,Indoor
8,5,5,19,1,Indoor
8,5,10,19,1,Indoor
8,5,15,19,1,Indoor
8,3,15,19,1,Indoor
8,3,20,19,1,Indoor
10,3,15,19,1,Indoor
10,3,20,19,1,Indoor
12,3,15,19,1,Indoor
12,3,20,19,1,Indoor
8,4,15,19,1,Indoor
8,4,20,19,1,Indoor
10,4,15,19,1,Indoor
10,4,20,19,1,Indoor
12,4,15,19,1,Indoor
12,4,20,19,1,Indoor
8,6,15,19,1,Indoor
8,6,20,19,1,Indoor
10,6,15,19,1,Indoor
10,6,20,19,1,Indoor
12,6,15,19,1,Indoor
12,6,20,19,1,Indoor
0,0,5,20,2,Night
0,0,10,20,2,Night
0,0,15,20,2,Night
0,0,20,20,2,Night
0,2,5,20,2,Night
0,2,10,20,2,Night
0,2,15,20,2,Night
0,2,20,20,2,Night
0,5,5,20,2,Night
0,5,10,20,2,Night
0,5,15,20,2,Night
0,5,20,20,2,Night
0,10,5,20,2,Night
0,10,10,20,2,Night
0,10,15,20,2,Night
0,10,20,20,2,Night
0,15,5,20,2,Night
0,15,10,20,2,Night
0,15,15,20,2,Night
0,15,20,20,2,Night
0,20,5,20,2,Night
0,20,10,20,2,Night
0,20,15,20,2,Night
0,20,20,20,2,Night
5,0,5,20,2,Night
5,0,10,20,2,Night
5,0,15,20,2,Night
5,0,20,20,2,Night
5,2,5,20,2,Night
5,2,10,20,2,Night
5,2,15,20,2,Night
5,2,20,20,2,Night
5,5,5,20,2,Night
5,5,10,20,2,Night
5,5,15,20,2,Night
5,5,20,20,2,Night
5,10,5,20,2,Night
5,10,10,20,2,Night
5,10,15,20,2,Night
5,10,20,20,2,Night
5,15,5,20,2,Night
5,15,10,20,2,Night
5,15,15,20,2,Night
5,15,20,20,2,Night
5,20,5,20,2,Night
5,20,10,20,2,Night
5,20,15,20,2,Night
5,20,20,20,2,Night
8,0,5,20,2,Night
8,0,10,20,2,Night
8,0,15,20,2,Night
8,0,20,20,2,Night
8,2,5,20,2,Night
8,2,10,20,2,Night
8,2,15,20,2,Night
8,2,20,20,2,Night
8,5,5,20,2,Night
8,5,10,20,2,Night
8,5,15,20,2,Night
8,5,20,20,2,Night
8,10,5,20,2,Night
8,10,10,20,2,Night
8,10,15,20,2,Night
8,10,20,20,2,Night
8,15,5,20,2,Night
8,15,10,20,2,Night
8,15,15,20,2,Night
8,15,20,20,2,Night
8,20,5,20,2,Night
8,20,10,20,2,Night
8,20,15,20,2,Night
8,20,20,20,2,Night
10,0,5,20,2,Night
10,0,10,20,2,Night
10,0,15,20,2,Night
10,0,20,20,2,Night
10,2,5,20,2,Night
10,2,10,20,2,Night
10,2,15,20,2,Night
10,2,20,20,2,Night
10,5,5,20,2,Night
10,5,10,20,2,Night
10,5,15,20,2,Night
10,5,20,20,2,Night
10,10,5,20,2,Night
10,10,10,20,2,Night
10,10,15,20,2,Night
10,10,20,20,2,Night
10,15,5,20,2,Night
10,15,10,20,2,Night
10,15,15,20,2,Night
10,15,20,20,2,Night
10,20,5,20,2,Night
10,20,10,20,2,Night
10,20,15,20,2,Night
10,20,20,20,2,Night
12,0,5,20,2,Night
12,0,10,20,2,Night
12,0,15,20,2,Night
12,0,20,20,2,Night
12,2,5,20,2,Night
12,2,10,20,2,Night
12,2,15,20,2,Night
12,2,20,20,2,Night
12,5,5,20,2,Night
12,5,10,20,2,Night
12,5,15,20,2,Night
12,5,20,20,2,Night
12,10,5,20,2,Night
12,10,10,20,2,Night
12,10,15,20,2,Night
12,10,20,20,2,Night
12,15,5,20,2,Night
12,15,10,20,2,Night
12,15,15,20,2,Night
12,15,20,20,2,Night
12,20,5,20,2,Night
12,20,10,20,2,Night
12,20,15,20,2,Night
12,20,20,20,2,Night
15,0,5,20,2,Night
15,0,10,20,2,Night
15,0,15,20,2,Night
15,0,20,20,2,Night
15,2,5,20,2,Night
15,2,10,20,2,Night
15,2,15,20,2,Night
15,2,20,20,2,Night
15,5,5,20,2,Night
15,5,10,20,2,Night
15,5,15,20,2,Night
15,5,20,20,2,Night
15,10,5,20,2,Night
15,10,10,20,2,Night
15,10,15,20,2,Night
15,10,20,20,2,Night
15,15,5,20,2,Night
15,15,10,20,2,Night
15,15,15,20,2,Night
15,15,20,20,2,Night
15,20,5,20,2,Night
15,20,10,20,2,Night
15,20,15,20,2,Night
15,20,20,20,2,Night
18,0,5,20,2,Night
18,0,10,20,2,Night
18,0,15,20,2,Night
18,0,20,20,2,Night
18,2,5,20,2,Night
18,2,10,20,2,Night
18,2,15,20,2,Night
18,2,20,20,2,Night
18,5,5,20,2,Night
18,5,10,20,2,Night
18,5,15,20,2,Night
18,5,20,20,2,Night
18,10,5,20,2,Night
18,10,10,20,2,Night
18,10,15,20,2,Night
18,10,20,20,2,Night
18,15,5,20,2,Night
18,15,10,20,2,Night
18,15,15,20,2,Night
18,15,20,20,2,Night
18,20,5,20,2,Night
18,20,10,20,2,Night
18,20,15,20,2,Night
18,20,20,20,2,Night
20,0,5,20,2,Night
20,0,10,20,2,Night
20,0,15,20,2,Night
20,0,20,20,2,Night
20,2,5,20,2,Night
20,2,10,20,2,Night
20,2,15,20,2,Night
20,2,20,20,2,Night
20,5,5,20,2,Night
20,5,10,20,2,Night
20,5,15,20,2,Night
20,5,20,20,2,Night
20,10,5,20,2,Night
20,10,10,20,2,Night
20,10,15,20,2,Night
20,10,20,20,2,Night
20,15,5,20,2,Night
20,15,10,20,2,Night
20,15,15,20,2,Night
20,15,20,20,2,Night
20,20,5,20,2,Night
20,20,10,20,2,Night
20,20,15,20,2,Night
20,20,20,20,2,Night
0,0,5,21,2,Night
0,0,10,21,2,Night
0,0,15,21,2,Night
0,0,20,21,2,Night
0,2,5,21,2,Night
0,2,10,21,2,Night
0,2,15,21,2,Night
0,2,20,21,2,Night
0,5,5,21,2,Night
0,5,10,21,2,Night
0,5,15,21,2,Night
0,5,20,21,2,Night
0,10,5,21,2,Night
0,10,10,21,2,Night
0,10,15,21,2,Night
0,10,20,21,2,Night
0,15,5,21,2,Night
0,15,10,21,2,Night
0,15,15,21,2,Night
0,15,20,21,2,Night
0,20,5,21,2,Night
0,20,10,21,2,Night
0,20,15,21,2,Night
0,20,20,21,2,Night
5,0,5,21,2,Night
5,0,10,21,2,Night
5,0,15,21,2,Night
5,0,20,21,2,Night
5,2,5,21,2,Night
5,2,10,21,2,Night
5,2,15,21,2,Night
5,2,20,21,2,Night
5,5,5,21,2,Night
5,5,10,21,2,Night
5,5,15,21,2,Night
5,5,20,21,2,Night
5,10,5,21,2,Night
5,10,10,21,2,Night
5,10,15,21,2,Night
5,10,20,21,2,Night
5,15,5,21,2,Night
5,15,10,21,2,Night
5,15,15,21,2,Night
5,15,20,21,2,Night
5,20,5,21,2,Night
5,20,10,21,2,Night
5,20,15,21,2,Night
5,20,20,21,2,Night
8,0,5,21,2,Night
8,0,10,21,2,Night
8,0,15,21,2,Night
8,0,20,21,2,Night
8,2,5,21,2,Night
8,2,10,21,2,Night
8,2,15,21,2,Night
8,2,20,21,2,Night
8,5,5,21,2,Night
8,5,10,21,2,Night
8,5,15,21,2,Night
8,5,20,21,2,Night
8,10,5,21,2,Night
8,10,10,21,2,Night
8,10,15,21,2,Night
8,10,20,21,2,Night
8,15,5,21,2,Night
8,15,10,21,2,Night
8,15,15,21,2,Night
8,15,20,21,2,Night
8,20,5,21,2,Night
8,20,10,21,2,Night
8,20,15,21,2,Night
8,20,20,21,2,Night
10,0,5,21,2,Night
10,0,10,21,2,Night
10,0,15,21,2,Night
10,0,20,21,2,Night
10,2,5,21,2,Night
10,2,10,21,2,Night
10,2,15,21,2,Night
10,2,20,21,2,Night
10,5,5,21,2,Night
10,5,10,21,2,Night
10,5,15,21,2,Night
10,5,20,21,2,Night
10,10,5,21,2,Night
10,10,10,21,2,Night
10,10,15,21,2,Night
10,10,20,21,2,Night
10,15,5,21,2,Night
10,15,10,21,2,Night
10,15,15,21,2,Night
10,15,20,21,2,Night
10,20,5,21,2,Night
10,20,10,21,2,Night
10,20,15,21,2,Night
10,20,20,21,2,Night
12,0,5,21,2,Night
12,0,10,21,2,Night
12,0,15,21,2,Night
12,0,20,21,2,Night
12,2,5,21,2,Night
12,2,10,21,2,Night
12,2,15,21,2,Night
12,2,20,21,2,Night
12,5,5,21,2,Night
12,5,10,21,2,Night
12,5,15,21,2,Night
12,5,20,21,2,Night
12,10,5,21,2,Night
12,10,10,21,2,Night
12,10,15,21,2,Night
12,10,20,21,2,Night
12,15,5,21,2,Night
12,15,10,21,2,Night
12,15,15,21,2,Night
12,15,20,21,2,Night
12,20,5,21,2,Night
12,20,10,21,2,Night
12,20,15,21,2,Night
12,20,20,21,2,Night
15,0,5,21,2,Night
15,0,10,21,2,Night
15,0,15,21,2,Night
15,0,20,21,2,Night
15,2,5,21,2,Night
15,2,10,21,2,Night
15,2,15,21,2,Night
15,2,20,21,2,Night
15,5,5,21,2,Night
15,5,10,21,2,Night
15,5,15,21,2,Night
15,5,20,21,2,Night
15,10,5,21,2,Night
15,10,10,21,2,Night
15,10,15,21,2,Night
15,10,20,21,2,Night
15,15,5,21,2,Night
15,15,10,21,2,Night
15,15,15,21,2,Night
15,15,20,21,2,Night
15,20,5,21,2,Night
15,20,10,21,2,Night
15,20,15,21,2,Night
15,20,20,21,2,Night
18,0,5,21,2,Night
18,0,10,21,2,Night
18,0,15,21,2,Night
18,0,20,21,2,Night
18,2,5,21,2,Night
18,2,10,21,2,Night
18,2,15,21,2,Night
18,2,20,21,2,Night
18,5,5,21,2,Night
18,5,10,21,2,Night
18,5,15,21,2,Night
18,5,20,21,2,Night
18,10,5,21,2,Night
18,10,10,21,2,Night
18,10,15,21,2,Night
18,10,20,21,2,Night
18,15,5,21,2,Night
18,15,10,21,2,Night
18,15,15,21,2,Night
18,15,20,21,2,Night
18,20,5,21,2,Night
18,20,10,21,2,Night
18,20,15,21,2,Night
18,20,20,21,2,Night
20,0,5,21,2,Night
20,0,10,21,2,Night
20,0,15,21,2,Night
20,0,20,21,2,Night
20,2,5,21,2,Night
20,2,10,21,2,Night
20,2,15,21,2,Night
20,2,20,21,2,Night
20,5,5,21,2,Night
20,5,10,21,2,Night
20,5,15,21,2,Night
20,5,20,21,2,Night
20,10,5,21,2,Night
20,10,10,21,2,Night
20,10,15,21,2,Night
20,10,20,21,2,Night
20,15,5,21,2,Night
20,15,10,21,2,Night
20,15,15,21,2,Night
20,15,20,21,2,Night
20,20,5,21,2,Night
20,20,10,21,2,Night
20,20,15,21,2,Night
20,20,20,21,2,Night
0,0,5,22,2,Night
0,0,10,22,2,Night
0,0,15,22,2,Night
0,0,20,22,2,Night
0,2,5,22,2,Night
0,2,10,22,2,Night
0,2,15,22,2,Night
0,2,20,22,2,Night
0,5,5,22,2,Night
0,5,10,22,2,Night
0,5,15,22,2,Night
0,5,20,22,2,Night
0,10,5,22,2,Night
0,10,10,22,2,Night
0,10,15,22,2,Night
0,10,20,22,2,Night
0,15,5,22,2,Night
0,15,10,22,2,Night
0,15,15,22,2,Night
0,15,20,22,2,Night
0,20,5,22,2,Night
0,20,10,22,2,Night
0,20,15,22,2,Night
0,20,20,22,2,Night
5,0,5,22,2,Night
5,0,10,22,2,Night
5,0,15,22,2,Night
5,0,20,22,2,Night
5,2,5,22,2,Night
5,2,10,22,2,Night
5,2,15,22,2,Night
5,2,20,22,2,Night
5,5,5,22,2,Night
5,5,10,22,2,Night
5,5,15,22,2,Night
5,5,20,22,2,Night
5,10,5,22,2,Night
5,10,10,22,2,Night
5,10,15,22,2,Night
5,10,20,22,2,Night
5,15,5,22,2,Night
5,15,10,22,2,Night
5,15,15,22,2,Night
5,15,20,22,2,Night
5,20,5,22,2,Night
5,20,10,22,2,Night
5,20,15,22,2,Night
5,20,20,22,2,Night
8,0,5,22,2,Night
8,0,10,22,2,Night
8,0,15,22,2,Night
8,0,20,22,2,Night
8,2,5,22,2,Night
8,2,10,22,2,Night
8,2,15,22,2,Night
8,2,20,22,2,Night
8,5,5,22,2,Night
8,5,10,22,2,Night
8,5,15,22,2,Night
8,5,20,22,2,Night
8,10,5,22,2,Night
8,10,10,22,2,Night
8,10,15,22,2,Night
8,10,20,22,2,Night
8,15,5,22,2,Night
8,15,10,22,2,Night
8,15,15,22,2,Night
8,15,20,22,2,Night
8,20,5,22,2,Night
8,20,10,22,2,Night
8,20,15,22,2,Night
8,20,20,22,2,Night
10,0,5,22,2,Night
10,0,10,22,2,Night
10,0,15,22,2,Night
10,0,20,22,2,Night
10,2,5,22,2,Night
10,2,10,22,2,Night
10,2,15,22,2,Night
10,2,20,22,2,Night
10,5,5,22,2,Night
10,5,10,22,2,Night
10,5,15,22,2,Night
10,5,20,22,2,Night
10,10,5,22,2,Night
10,10,10,22,2,Night
10,10,15,22,2,Night
10,10,20,22,2,Night
10,15,5,22,2,Night
10,15,10,22,2,Night
10,15,15,22,2,Night
10,15,20,22,2,Night
10,20,5,22,2,Night
10,20,10,22,2,Night
10,20,15,22,2,Night
10,20,20,22,2,Night
12,0,5,22,2,Night
12,0,10,22,2,Night
12,0,15,22,2,Night
12,0,20,22,2,Night
12,2,5,22,2,Night
12,2,10,22,2,Night
12,2,15,22,2,Night
12,2,20,22,2,Night
12,5,5,22,2,Night
12,5,10,22,2,Night
12,5,15,22,2,Night
12,5,20,22,2,Night
12,10,5,22,2,Night
12,10,10,22,2,Night
12,10,15,22,2,Night
12,10,20,22,2,Night
12,15,5,22,2,Night
12,15,10,22,2,Night
12,15,15,22,2,Night
12,15,20,22,2,Night
12,20,5,22,2,Night
12,20,10,22,2,Night
12,20,15,22,2,Night
12,20,20,22,2,Night
15,0,5,22,2,Night
15,0,10,22,2,Night
15,0,15,22,2,Night
15,0,20,22,2,Night
15,2,5,22,2,Night
15,2,10,22,2,Night
15,2,15,22,2,Night
15,2,20,22,2,Night
15,5,5,22,2,Night
15,5,10,22,2,Night
15,5,15,22,2,Night
15,5,20,22,2,Night
15,10,5,22,2,Night
15,10,10,22,2,Night
15,10,15,22,2,Night
15,10,20,22,2,Night
15,15,5,22,2,Night
15,15,10,22,2,Night
15,15,15,22,2,Night
15,15,20,22,2,Night
15,20,5,22,2,Night
15,20,10,22,2,Night
15,20,15,22,2,Night
15,20,20,22,2,Night
18,0,5,22,2,Night
18,0,10,22,2,Night
18,0,15,22,2,Night
18,0,20,22,2,Night
18,2,5,22,2,Night
18,2,10,22,2,Night
18,2,15,22,2,Night
18,2,20,22,2,Night
18,5,5,22,2,Night
18,5,10,22,2,Night
18,5,15,22,2,Night
18,5,20,22,2,Night
18,10,5,22,2,Night
18,10,10,22,2,Night
18,10,15,22,2,Night
18,10,20,22,2,Night
18,15,5,22,2,Night
18,15,10,22,2,Night
18,15,15,22,2,Night
18,15,20,22,2,Night
18,20,5,22,2,Night
18,20,10,22,2,Night
18,20,15,22,2,Night
18,20,20,22,2,Night
20,0,5,22,2,Night
20,0,10,22,2,Night
20,0,15,22,2,Night
20,0,20,22,2,Night
20,2,5,22,2,Night
20,2,10,22,2,Night
20,2,15,22,2,Night
20,2,20,22,2,Night
20,5,5,22,2,Night
20,5,10,22,2,Night
20,5,15,22,2,Night
20,5,20,22,2,Night
20,10,5,22,2,Night
20,10,10,22,2,Night
20,10,15,22,2,Night
20,10,20,22,2,Night
20,15,5,22,2,Night
20,15,10,22,2,Night
20,15,15,22,2,Night
20,15,20,22,2,Night
20,20,5,22,2,Night
20,20,10,22,2,Night
20,20,15,22,2,Night
20,20,20,22,2,Night
0,0,5,23,2,Night
0,0,10,23,2,Night
0,0,15,23,2,Night
0,0,20,23,2,Night
0,2,5,23,2,Night
0,2,10,23,2,Night
0,2,15,23,2,Night
0,2,20,23,2,Night
0,5,5,23,2,Night
0,5,10,23,2,Night
0,5,15,23,2,Night
0,5,20,23,2,Night
0,10,5,23,2,Night
0,10,10,23,2,Night
0,10,15,23,2,Night
0,10,20,23,2,Night
0,15,5,23,2,Night
0,15,10,23,2,Night
0,15,15,23,2,Night
0,15,20,23,2,Night
0,20,5,23,2,Night
0,20,10,23,2,Night
0,20,15,23,2,Night
0,20,20,23,2,Night
5,0,5,23,2,Night
5,0,10,23,2,Night
5,0,15,23,2,Night
5,0,20,23,2,Night
5,2,5,23,2,Night
5,2,10,23,2,Night
5,2,15,23,2,Night
5,2,20,23,2,Night
5,5,5,23,2,Night
5,5,10,23,2,Night
5,5,15,23,2,Night
5,5,20,23,2,Night
5,10,5,23,2,Night
5,10,10,23,2,Night
5,10,15,23,2,Night
5,10,20,23,2,Night
5,15,5,23,2,Night
5,15,10,23,2,Night
5,15,15,23,2,Night
5,15,20,23,2,Night
5,20,5,23,2,Night
5,20,10,23,2,Night
5,20,15,23,2,Night
5,20,20,23,2,Night
8,0,5,23,2,Night
8,0,10,23,2,Night
8,0,15,23,2,Night
8,0,20,23,2,Night
8,2,5,23,2,Night
8,2,10,23,2,Night
8,2,15,23,2,Night
8,2,20,23,2,Night
8,5,5,23,2,Night
8,5,10,23,2,Night
8,5,15,23,2,Night
8,5,20,23,2,Night
8,10,5,23,2,Night
8,10,10,23,2,Night
8,10,15,23,2,Night
8,10,20,23,2,Night
8,15,5,23,2,Night
8,15,10,23,2,Night
8,15,15,23,2,Night
8,15,20,23,2,Night
8,20,5,23,2,Night
8,20,10,23,2,Night
8,20,15,23,2,Night
8,20,20,23,2,Night
10,0,5,23,2,Night
10,0,10,23,2,Night
10,0,15,23,2,Night
10,0,20,23,2,Night
10,2,5,23,2,Night
10,2,10,23,2,Night
10,2,15,23,2,Night
10,2,20,23,2,Night
10,5,5,23,2,Night
10,5,10,23,2,Night
10,5,15,23,2,Night
10,5,20,23,2,Night
10,10,5,23,2,Night
10,10,10,23,2,Night
10,10,15,23,2,Night
10,10,20,23,2,Night
10,15,5,23,2,Night
10,15,10,23,2,Night
10,15,15,23,2,Night
10,15,20,23,2,Night
10,20,5,23,2,Night
10,20,10,23,2,Night
10,20,15,23,2,Night
10,20,20,23,2,Night
12,0,5,23,2,Night
12,0,10,23,2,Night
12,0,15,23,2,Night
12,0,20,23,2,Night
12,2,5,23,2,Night
12,2,10,23,2,Night
12,2,15,23,2,Night
12,2,20,23,2,Night
12,5,5,23,2,Night
12,5,10,23,2,Night
12,5,15,23,2,Night
12,5,20,23,2,Night
12,10,5,23,2,Night
12,10,10,23,2,Night
12,10,15,23,2,Night
12,10,20,23,2,Night
12,15,5,23,2,Night
12,15,10,23,2,Night
12,15,15,23,2,Night
12,15,20,23,2,Night
12,20,5,23,2,Night
12,20,10,23,2,Night
12,20,15,23,2,Night
12,20,20,23,2,Night
15,0,5,23,2,Night
15,0,10,23,2,Night
15,0,15,23,2,Night
15,0,20,23,2,Night
15,2,5,23,2,Night
15,2,10,23,2,Night
15,2,15,23,2,Night
15,2,20,23,2,Night
15,5,5,23,2,Night
15,5,10,23,2,Night
15,5,15,23,2,Night
15,5,20,23,2,Night
15,10,5,23,2,Night
15,10,10,23,2,Night
15,10,15,23,2,Night
15,10,20,23,2,Night
15,15,5,23,2,Night
15,15,10,23,2,Night
15,15,15,23,2,Night
15,15,20,23,2,Night
15,20,5,23,2,Night
15,20,10,23,2,Night
15,20,15,23,2,Night
15,20,20,23,2,Night
18,0,5,23,2,Night
18,0,10,23,2,Night
18,0,15,23,2,Night
18,0,20,23,2,Night
18,2,5,23,2,Night
18,2,10,23,2,Night
18,2,15,23,2,Night
18,2,20,23,2,Night
18,5,5,23,2,Night
18,5,10,23,2,Night
18,5,15,23,2,Night
18,5,20,23,2,Night
18,10,5,23,2,Night
18,10,10,23,2,Night
18,10,15,23,2,Night
18,10,20,23,2,Night
18,15,5,23,2,Night
18,15,10,23,2,Night
18,15,15,23,2,Night
18,15,20,23,2,Night
18,20,5,23,2,Night
18,20,10,23,2,Night
18,20,15,23,2,Night
18,20,20,23,2,Night
20,0,5,23,2,Night
20,0,10,23,2,Night
20,0,15,23,2,Night
20,0,20,23,2,Night
20,2,5,23,2,Night
20,2,10,23,2,Night
20,2,15,23,2,Night
20,2,20,23,2,Night
20,5,5,23,2,Night
20,5,10,23,2,Night
20,5,15,23,2,Night
20,5,20,23,2,Night
20,10,5,23,2,Night
20,10,10,23,2,Night
20,10,15,23,2,Night
20,10,20,23,2,Night
20,15,5,23,2,Night
20,15,10,23,2,Night
20,15,15,23,2,Night
20,15,20,23,2,Night
20,20,5,23,2,Night
20,20,10,23,2,Night
20,20,15,23,2,Night
20,20,20,23,2,Night
0,0,5,0,2,Night
0,0,10,0,2,Night
0,0,15,0,2,Night
0,0,20,0,2,Night
0,2,5,0,2,Night
0,2,10,0,2,Night
0,2,15,0,2,Night
0,2,20,0,2,Night
0,5,5,0,2,Night
0,5,10,0,2,Night
0,5,15,0,2,Night
0,5,20,0,2,Night
0,10,5,0,2,Night
0,10,10,0,2,Night
0,10,15,0,2,Night
0,10,20,0,2,Night
0,15,5,0,2,Night
0,15,10,0,2,Night
0,15,15,0,2,Night
0,15,20,0,2,Night
0,20,5,0,2,Night
0,20,10,0,2,Night
0,20,15,0,2,Night
0,20,20,0,2,Night
5,0,5,0,2,Night
5,0,10,0,2,Night
5,0,15,0,2,Night
5,0,20,0,2,Night
5,2,5,0,2,Night
5,2,10,0,2,Night
5,2,15,0,2,Night
5,2,20,0,2,Night
5,5,5,0,2,Night
5,5,10,0,2,Night
5,5,15,0,2,Night
5,5,20,0,2,Night
5,10,5,0,2,Night
5,10,10,0,2,Night
5,10,15,0,2,Night
5,10,20,0,2,Night
5,15,5,0,2,Night
5,15,10,0,2,Night
5,15,15,0,2,Night
5,15,20,0,2,Night
5,20,5,0,2,Night
5,20,10,0,2,Night
5,20,15,0,2,Night
5,20,20,0,2,Night
8,0,5,0,2,Night
8,0,10,0,2,Night
8,0,15,0,2,Night
8,0,20,0,2,Night
8,2,5,0,2,Night
8,2,10,0,2,Night
8,2,15,0,2,Night
8,2,20,0,2,Night
8,5,5,0,2,Night
8,5,10,0,2,Night
8,5,15,0,2,Night
8,5,20,0,2,Night
8,10,5,0,2,Night
8,10,10,0,2,Night
8,10,15,0,2,Night
8,10,20,0,2,Night
8,15,5,0,2,Night
8,15,10,0,2,Night
8,15,15,0,2,Night
8,15,20,0,2,Night
8,20,5,0,2,Night
8,20,10,0,2,Night
8,20,15,0,2,Night
8,20,20,0,2,Night
10,0,5,0,2,Night
10,0,10,0,2,Night
10,0,15,0,2,Night
10,0,20,0,2,Night
10,2,5,0,2,Night
10,2,10,0,2,Night
10,2,15,0,2,Night
10,2,20,0,2,Night
10,5,5,0,2,Night
10,5,10,0,2,Night
10,5,15,0,2,Night
10,5,20,0,2,Night
10,10,5,0,2,Night
10,10,10,0,2,Night
10,10,15,0,2,Night
10,10,20,0,2,Night
10,15,5,0,2,Night
10,15,10,0,2,Night
10,15,15,0,2,Night
10,15,20,0,2,Night
10,20,5,0,2,Night
10,20,10,0,2,Night
10,20,15,0,2,Night
10,20,20,0,2,Night
12,0,5,0,2,Night
12,0,10,0,2,Night
12,0,15,0,2,Night
12,0,20,0,2,Night
12,2,5,0,2,Night
12,2,10,0,2,Night
12,2,15,0,2,Night
12,2,20,0,2,Night
12,5,5,0,2,Night
12,5,10,0,2,Night
12,5,15,0,2,Night
12,5,20,0,2,Night
12,10,5,0,2,Night
12,10,10,0,2,Night
12,10,15,0,2,Night
12,10,20,0,2,Night
12,15,5,0,2,Night
12,15,10,0,2,Night
12,15,15,0,2,Night
12,15,20,0,2,Night
12,20,5,0,2,Night
12,20,10,0,2,Night
12,20,15,0,2,Night
12,20,20,0,2,Night
15,0,5,0,2,Night
15,0,10,0,2,Night
15,0,15,0,2,Night
15,0,20,0,2,Night
15,2,5,0,2,Night
15,2,10,0,2,Night
15,2,15,0,2,Night
15,2,20,0,2,Night
15,5,5,0,2,Night
15,5,10,0,2,Night
15,5,15,0,2,Night
15,5,20,0,2,Night
15,10,5,0,2,Night
15,10,10,0,2,Night
15,10,15,0,2,Night
15,10,20,0,2,Night
15,15,5,0,2,Night
15,15,10,0,2,Night
15,15,15,0,2,Night
15,15,20,0,2,Night
15,20,5,0,2,Night
15,20,10,0,2,Night
15,20,15,0,2,Night
15,20,20,0,2,Night
18,0,5,0,2,Night
18,0,10,0,2,Night
18,0,15,0,2,Night
18,0,20,0,2,Night
18,2,5,0,2,Night
18,2,10,0,2,Night
18,2,15,0,2,Night
18,2,20,0,2,Night
18,5,5,0,2,Night
18,5,10,0,2,Night
18,5,15,0,2,Night
18,5,20,0,2,Night
18,10,5,0,2,Night
18,10,10,0,2,Night
18,10,15,0,2,Night
18,10,20,0,2,Night
18,15,5,0,2,Night
18,15,10,0,2,Night
18,15,15,0,2,Night
18,15,20,0,2,Night
18,20,5,0,2,Night
18,20,10,0,2,Night
18,20,15,0,2,Night
18,20,20,0,2,Night
20,0,5,0,2,Night
20,0,10,0,2,Night
20,0,15,0,2,Night
20,0,20,0,2,Night
20,2,5,0,2,Night
20,2,10,0,2,Night
20,2,15,0,2,Night
20,2,20,0,2,Night
20,5,5,0,2,Night
20,5,10,0,2,Night
20,5,15,0,2,Night
20,5,20,0,2,Night
20,10,5,0,2,Night
20,10,10,0,2,Night
20,10,15,0,2,Night
20,10,20,0,2,Night
20,15,5,0,2,Night
20,15,10,0,2,Night
20,15,15,0,2,Night
20,15,20,0,2,Night
20,20,5,0,2,Night
20,20,10,0,2,Night
20,20,15,0,2,Night
20,20,20,0,2,Night
0,0,5,1,2,Night
0,0,10,1,2,Night
0,0,15,1,2,Night
0,0,20,1,2,Night
0,2,5,1,2,Night
0,2,10,1,2,Night
0,2,15,1,2,Night
0,2,20,1,2,Night
0,5,5,1,2,Night
0,5,10,1,2,Night
0,5,15,1,2,Night
0,5,20,1,2,Night
0,10,5,1,2,Night
0,10,10,1,2,Night
0,10,15,1,2,Night
0,10,20,1,2,Night
0,15,5,1,2,Night
0,15,10,1,2,Night
0,15,15,1,2,Night
0,15,20,1,2,Night
0,20,5,1,2,Night
0,20,10,1,2,Night
0,20,15,1,2,Night
0,20,20,1,2,Night
5,0,5,1,2,Night
5,0,10,1,2,Night
5,0,15,1,2,Night
5,0,20,1,2,Night
5,2,5,1,2,Night
5,2,10,1,2,Night
5,2,15,1,2,Night
5,2,20,1,2,Night
5,5,5,1,2,Night
5,5,10,1,2,Night
5,5,15,1,2,Night
5,5,20,1,2,Night
5,10,5,1,2,Night
5,10,10,1,2,Night
5,10,15,1,2,Night
5,10,20,1,2,Night
5,15,5,1,2,Night
5,15,10,1,2,Night
5,15,15,1,2,Night
5,15,20,1,2,Night
5,20,5,1,2,Night
5,20,10,1,2,Night
5,20,15,1,2,Night
5,20,20,1,2,Night
8,0,5,1,2,Night
8,0,10,1,2,Night
8,0,15,1,2,Night
8,0,20,1,2,Night
8,2,5,1,2,Night
8,2,10,1,2,Night
8,2,15,1,2,Night
8,2,20,1,2,Night
8,5,5,1,2,Night
8,5,10,1,2,Night
8,5,15,1,2,Night
8,5,20,1,2,Night
8,10,5,1,2,Night
8,10,10,1,2,Night
8,10,15,1,2,Night
8,10,20,1,2,Night
8,15,5,1,2,Night
8,15,10,1,2,Night
8,15,15,1,2,Night
8,15,20,1,2,Night
8,20,5,1,2,Night
8,20,10,1,2,Night
8,20,15,1,2,Night
8,20,20,1,2,Night
10,0,5,1,2,Night
10,0,10,1,2,Night
10,0,15,1,2,Night
10,0,20,1,2,Night
10,2,5,1,2,Night
10,2,10,1,2,Night
10,2,15,1,2,Night
10,2,20,1,2,Night
10,5,5,1,2,Night
10,5,10,1,2,Night
10,5,15,1,2,Night
10,5,20,1,2,Night
10,10,5,1,2,Night
10,10,10,1,2,Night
10,10,15,1,2,Night
10,10,20,1,2,Night
10,15,5,1,2,Night
10,15,10,1,2,Night
10,15,15,1,2,Night
10,15,20,1,2,Night
10,20,5,1,2,Night
10,20,10,1,2,Night
10,20,15,1,2,Night
10,20,20,1,2,Night
12,0,5,1,2,Night
12,0,10,1,2,Night
12,0,15,1,2,Night
12,0,20,1,2,Night
12,2,5,1,2,Night
12,2,10,1,2,Night
12,2,15,1,2,Night
12,2,20,1,2,Night
12,5,5,1,2,Night
12,5,10,1,2,Night
12,5,15,1,2,Night
12,5,20,1,2,Night
12,10,5,1,2,Night
12,10,10,1,2,Night
12,10,15,1,2,Night
12,10,20,1,2,Night
12,15,5,1,2,Night
12,15,10,1,2,Night
12,15,15,1,2,Night
12,15,20,1,2,Night
12,20,5,1,2,Night
12,20,10,1,2,Night
12,20,15,1,2,Night
12,20,20,1,2,Night
15,0,5,1,2,Night
15,0,10,1,2,Night
15,0,15,1,2,Night
15,0,20,1,2,Night
15,2,5,1,2,Night
15,2,10,1,2,Night
15,2,15,1,2,Night
15,2,20,1,2,Night
15,5,5,1,2,Night
15,5,10,1,2,Night
15,5,15,1,2,Night
15,5,20,1,2,Night
15,10,5,1,2,Night
15,10,10,1,2,Night
15,10,15,1,2,Night
15,10,20,1,2,Night
15,15,5,1,2,Night
15,15,10,1,2,Night
15,15,15,1,2,Night
15,15,20,1,2,Night
15,20,5,1,2,Night
15,20,10,1,2,Night
15,20,15,1,2,Night
15,20,20,1,2,Night
18,0,5,1,2,Night
18,0,10,1,2,Night
18,0,15,1,2,Night
18,0,20,1,2,Night
18,2,5,1,2,Night
18,2,10,1,2,Night
18,2,15,1,2,Night
18,2,20,1,2,Night
18,5,5,1,2,Night
18,5,10,1,2,Night
18,5,15,1,2,Night
18,5,20,1,2,Night
18,10,5,1,2,Night
18,10,10,1,2,Night
18,10,15,1,2,Night
18,10,20,1,2,Night
18,15,5,1,2,Night
18,15,10,1,2,Night
18,15,15,1,2,Night
18,15,20,1,2,Night
18,20,5,1,2,Night
18,20,10,1,2,Night
18,20,15,1,2,Night
18,20,20,1,2,Night
20,0,5,1,2,Night
20,0,10,1,2,Night
20,0,15,1,2,Night
20,0,20,1,2,Night
20,2,5,1,2,Night
20,2,10,1,2,Night
20,2,15,1,2,Night
20,2,20,1,2,Night
20,5,5,1,2,Night
20,5,10,1,2,Night
20,5,15,1,2,Night
20,5,20,1,2,Night
20,10,5,1,2,Night
20,10,10,1,2,Night
20,10,15,1,2,Night
20,10,20,1,2,Night
20,15,5,1,2,Night
20,15,10,1,2,Night
20,15,15,1,2,Night
20,15,20,1,2,Night
20,20,5,1,2,Night
20,20,10,1,2,Night
20,20,15,1,2,Night
20,20,20,1,2,Night
0,0,5,2,2,Night
0,0,10,2,2,Night
0,0,15,2,2,Night
0,0,20,2,2,Night
0,2,5,2,2,Night
0,2,10,2,2,Night
0,2,15,2,2,Night
0,2,20,2,2,Night
0,5,5,2,2,Night
0,5,10,2,2,Night
0,5,15,2,2,Night
0,5,20,2,2,Night
0,10,5,2,2,Night
0,10,10,2,2,Night
0,10,15,2,2,Night
0,10,20,2,2,Night
0,15,5,2,2,Night
0,15,10,2,2,Night
0,15,15,2,2,Night
0,15,20,2,2,Night
0,20,5,2,2,Night
0,20,10,2,2,Night
0,20,15,2,2,Night
0,20,20,2,2,Night
5,0,5,2,2,Night
5,0,10,2,2,Night
5,0,15,2,2,Night
5,0,20,2,2,Night
5,2,5,2,2,Night
5,2,10,2,2,Night
5,2,15,2,2,Night
5,2,20,2,2,Night
5,5,5,2,2,Night
5,5,10,2,2,Night
5,5,15,2,2,Night
5,5,20,2,2,Night
5,10,5,2,2,Night
5,10,10,2,2,Night
5,10,15,2,2,Night
5,10,20,2,2,Night
5,15,5,2,2,Night
5,15,10,2,2,Night
5,15,15,2,2,Night
5,15,20,2,2,Night
5,20,5,2,2,Night
5,20,10,2,2,Night
5,20,15,2,2,Night
5,20,20,2,2,Night
8,0,5,2,2,Night
8,0,10,2,2,Night
8,0,15,2,2,Night
8,0,20,2,2,Night
8,2,5,2,2,Night
8,2,10,2,2,Night
8,2,15,2,2,Night
8,2,20,2,2,Night
8,5,5,2,2,Night
8,5,10,2,2,Night
8,5,15,2,2,Night
8,5,20,2,2,Night
8,10,5,2,2,Night
8,10,10,2,2,Night
8,10,15,2,2,Night
8,10,20,2,2,Night
8,15,5,2,2,Night
8,15,10,2,2,Night
8,15,15,2,2,Night
8,15,20,2,2,Night
8,20,5,2,2,Night
8,20,10,2,2,Night
8,20,15,2,2,Night
8,20,20,2,2,Night
10,0,5,2,2,Night
10,0,10,2,2,Night
10,0,15,2,2,Night
10,0,20,2,2,Night
10,2,5,2,2,Night
10,2,10,2,2,Night
10,2,15,2,2,Night
10,2,20,2,2,Night
10,5,5,2,2,Night
10,5,10,2,2,Night
10,5,15,2,2,Night
10,5,20,2,2,Night
10,10,5,2,2,Night
10,10,10,2,2,Night
10,10,15,2,2,Night
10,10,20,2,2,Night
10,15,5,2,2,Night
10,15,10,2,2,Night
10,15,15,2,2,Night
10,15,20,2,2,Night
10,20,5,2,2,Night
10,20,10,2,2,Night
10,20,15,2,2,Night
10,20,20,2,2,Night
12,0,5,2,2,Night
12,0,10,2,2,Night
12,0,15,2,2,Night
12,0,20,2,2,Night
12,2,5,2,2,Night
12,2,10,2,2,Night
12,2,15,2,2,Night
12,2,20,2,2,Night
12,5,5,2,2,Night
12,5,10,2,2,Night
12,5,15,2,2,Night
12,5,20,2,2,Night
12,10,5,2,2,Night
12,10,10,2,2,Night
12,10,15,2,2,Night
12,10,20,2,2,Night
12,15,5,2,2,Night
12,15,10,2,2,Night
12,15,15,2,2,Night
12,15,20,2,2,Night
12,20,5,2,2,Night
12,20,10,2,2,Night
12,20,15,2,2,Night
12,20,20,2,2,Night
15,0,5,2,2,Night
15,0,10,2,2,Night
15,0,15,2,2,Night
15,0,20,2,2,Night
15,2,5,2,2,Night
15,2,10,2,2,Night
15,2,15,2,2,Night
15,2,20,2,2,Night
15,5,5,2,2,Night
15,5,10,2,2,Night
15,5,15,2,2,Night
15,5,20,2,2,Night
15,10,5,2,2,Night
15,10,10,2,2,Night
15,10,15,2,2,Night
15,10,20,2,2,Night
15,15,5,2,2,Night
15,15,10,2,2,Night
15,15,15,2,2,Night
15,15,20,2,2,Night
15,20,5,2,2,Night
15,20,10,2,2,Night
15,20,15,2,2,Night
15,20,20,2,2,Night
18,0,5,2,2,Night
18,0,10,2,2,Night
18,0,15,2,2,Night
18,0,20,2,2,Night
18,2,5,2,2,Night
18,2,10,2,2,Night
18,2,15,2,2,Night
18,2,20,2,2,Night
18,5,5,2,2,Night
18,5,10,2,2,Night
18,5,15,2,2,Night
18,5,20,2,2,Night
18,10,5,2,2,Night
18,10,10,2,2,Night
18,10,15,2,2,Night
18,10,20,2,2,Night
18,15,5,2,2,Night
18,15,10,2,2,Night
18,15,15,2,2,Night
18,15,20,2,2,Night
18,20,5,2,2,Night
18,20,10,2,2,Night
18,20,15,2,2,Night
18,20,20,2,2,Night
20,0,5,2,2,Night
20,0,10,2,2,Night
20,0,15,2,2,Night
20,0,20,2,2,Night
20,2,5,2,2,Night
20,2,10,2,2,Night
20,2,15,2,2,Night
20,2,20,2,2,Night
20,5,5,2,2,Night
20,5,10,2,2,Night
20,5,15,2,2,Night
20,5,20,2,2,Night
20,10,5,2,2,Night
20,10,10,2,2,Night
20,10,15,2,2,Night
20,10,20,2,2,Night
20,15,5,2,2,Night
20,15,10,2,2,Night
20,15,15,2,2,Night
20,15,20,2,2,Night
20,20,5,2,2,Night
20,20,10,2,2,Night
20,20,15,2,2,Night
20,20,20,2,2,Night
0,0,5,3,2,Night
0,0,10,3,2,Night
0,0,15,3,2,Night
0,0,20,3,2,Night
0,2,5,3,2,Night
0,2,10,3,2,Night
0,2,15,3,2,Night
0,2,20,3,2,Night
0,5,5,3,2,Night
0,5,10,3,2,Night
0,5,15,3,2,Night
0,5,20,3,2,Night
0,10,5,3,2,Night
0,10,10,3,2,Night
0,10,15,3,2,Night
0,10,20,3,2,Night
0,15,5,3,2,Night
0,15,10,3,2,Night
0,15,15,3,2,Night
0,15,20,3,2,Night
0,20,5,3,2,Night
0,20,10,3,2,Night
0,20,15,3,2,Night
0,20,20,3,2,Night
5,0,5,3,2,Night
5,0,10,3,2,Night
5,0,15,3,2,Night
5,0,20,3,2,Night
5,2,5,3,2,Night
5,2,10,3,2,Night
5,2,15,3,2,Night
5,2,20,3,2,Night
5,5,5,3,2,Night
5,5,10,3,2,Night
5,5,15,3,2,Night
5,5,20,3,2,Night
5,10,5,3,2,Night
5,10,10,3,2,Night
5,10,15,3,2,Night
5,10,20,3,2,Night
5,15,5,3,2,Night
5,15,10,3,2,Night
5,15,15,3,2,Night
5,15,20,3,2,Night
5,20,5,3,2,Night
5,20,10,3,2,Night
5,20,15,3,2,Night
5,20,20,3,2,Night
8,0,5,3,2,Night
8,0,10,3,2,Night
8,0,15,3,2,Night
8,0,20,3,2,Night
8,2,5,3,2,Night
8,2,10,3,2,Night
8,2,15,3,2,Night
8,2,20,3,2,Night
8,5,5,3,2,Night
8,5,10,3,2,Night
8,5,15,3,2,Night
8,5,20,3,2,Night
8,10,5,3,2,Night
8,10,10,3,2,Night
8,10,15,3,2,Night
8,10,20,3,2,Night
8,15,5,3,2,Night
8,15,10,3,2,Night
8,15,15,3,2,Night
8,15,20,3,2,Night
8,20,5,3,2,Night
8,20,10,3,2,Night
8,20,15,3,2,Night
8,20,20,3,2,Night
10,0,5,3,2,Night
10,0,10,3,2,Night
10,0,15,3,2,Night
10,0,20,3,2,Night
10,2,5,3,2,Night
10,2,10,3,2,Night
10,2,15,3,2,Night
10,2,20,3,2,Night
10,5,5,3,2,Night
10,5,10,3,2,Night
10,5,15,3,2,Night
10,5,20,3,2,Night
10,10,5,3,2,Night
10,10,10,3,2,Night
10,10,15,3,2,Night
10,10,20,3,2,Night
10,15,5,3,2,Night
10,15,10,3,2,Night
10,15,15,3,2,Night
10,15,20,3,2,Night
10,20,5,3,2,Night
10,20,10,3,2,Night
10,20,15,3,2,Night
10,20,20,3,2,Night
12,0,5,3,2,Night
12,0,10,3,2,Night
12,0,15,3,2,Night
12,0,20,3,2,Night
12,2,5,3,2,Night
12,2,10,3,2,Night
12,2,15,3,2,Night
12,2,20,3,2,Night
12,5,5,3,2,Night
12,5,10,3,2,Night
12,5,15,3,2,Night
12,5,20,3,2,Night
12,10,5,3,2,Night
12,10,10,3,2,Night
12,10,15,3,2,Night
12,10,20,3,2,Night
12,15,5,3,2,Night
12,15,10,3,2,Night
12,15,15,3,2,Night
12,15,20,3,2,Night
12,20,5,3,2,Night
12,20,10,3,2,Night
12,20,15,3,2,Night
12,20,20,3,2,Night
15,0,5,3,2,Night
15,0,10,3,2,Night
15,0,15,3,2,Night
15,0,20,3,2,Night
15,2,5,3,2,Night
15,2,10,3,2,Night
15,2,15,3,2,Night
15,2,20,3,2,Night
15,5,5,3,2,Night
15,5,10,3,2,Night
15,5,15,3,2,Night
15,5,20,3,2,Night
15,10,5,3,2,Night
15,10,10,3,2,Night
15,10,15,3,2,Night
15,10,20,3,2,Night
15,15,5,3,2,Night
15,15,10,3,2,Night
15,15,15,3,2,Night
15,15,20,3,2,Night
15,20,5,3,2,Night
15,20,10,3,2,Night
15,20,15,3,2,Night
15,20,20,3,2,Night
18,0,5,3,2,Night
18,0,10,3,2,Night
18,0,15,3,2,Night
18,0,20,3,2,Night
18,2,5,3,2,Night
18,2,10,3,2,Night
18,2,15,3,2,Night
18,2,20,3,2,Night
18,5,5,3,2,Night
18,5,10,3,2,Night
18,5,15,3,2,Night
18,5,20,3,2,Night
18,10,5,3,2,Night
18,10,10,3,2,Night
18,10,15,3,2,Night
18,10,20,3,2,Night
18,15,5,3,2,Night
18,15,10,3,2,Night
18,15,15,3,2,Night
18,15,20,3,2,Night
18,20,5,3,2,Night
18,20,10,3,2,Night
18,20,15,3,2,Night
18,20,20,3,2,Night
20,0,5,3,2,Night
20,0,10,3,2,Night
20,0,15,3,2,Night
20,0,20,3,2,Night
20,2,5,3,2,Night
20,2,10,3,2,Night
20,2,15,3,2,Night
20,2,20,3,2,Night
20,5,5,3,2,Night
20,5,10,3,2,Night
20,5,15,3,2,Night
20,5,20,3,2,Night
20,10,5,3,2,Night
20,10,10,3,2,Night
20,10,15,3,2,Night
20,10,20,3,2,Night
20,15,5,3,2,Night
20,15,10,3,2,Night
20,15,15,3,2,Night
20,15,20,3,2,Night
20,20,5,3,2,Night
20,20,10,3,2,Night
20,20,15,3,2,Night
20,20,20,3,2,Night
0,0,5,4,2,Night
0,0,10,4,2,Night
0,0,15,4,2,Night
0,0,20,4,2,Night
0,2,5,4,2,Night
0,2,10,4,2,Night
0,2,15,4,2,Night
0,2,20,4,2,Night
0,5,5,4,2,Night
0,5,10,4,2,Night
0,5,15,4,2,Night
0,5,20,4,2,Night
0,10,5,4,2,Night
0,10,10,4,2,Night
0,10,15,4,2,Night
0,10,20,4,2,Night
0,15,5,4,2,Night
0,15,10,4,2,Night
0,15,15,4,2,Night
0,15,20,4,2,Night
0,20,5,4,2,Night
0,20,10,4,2,Night
0,20,15,4,2,Night
0,20,20,4,2,Night
5,0,5,4,2,Night
5,0,10,4,2,Night
5,0,15,4,2,Night
5,0,20,4,2,Night
5,2,5,4,2,Night
5,2,10,4,2,Night
5,2,15,4,2,Night
5,2,20,4,2,Night
5,5,5,4,2,Night
5,5,10,4,2,Night
5,5,15,4,2,Night
5,5,20,4,2,Night
5,10,5,4,2,Night
5,10,10,4,2,Night
5,10,15,4,2,Night
5,10,20,4,2,Night
5,15,5,4,2,Night
5,15,10,4,2,Night
5,15,15,4,2,Night
5,15,20,4,2,Night
5,20,5,4,2,Night
5,20,10,4,2,Night
5,20,15,4,2,Night
5,20,20,4,2,Night
8,0,5,4,2,Night
8,0,10,4,2,Night
8,0,15,4,2,Night
8,0,20,4,2,Night
8,2,5,4,2,Night
8,2,10,4,2,Night
8,2,15,4,2,Night
8,2,20,4,2,Night
8,5,5,4,2,Night
8,5,10,4,2,Night
8,5,15,4,2,Night
8,5,20,4,2,Night
8,10,5,4,2,Night
8,10,10,4,2,Night
8,10,15,4,2,Night
8,10,20,4,2,Night
8,15,5,4,2,Night
8,15,10,4,2,Night
8,15,15,4,2,Night
8,15,20,4,2,Night
8,20,5,4,2,Night
8,20,10,4,2,Night
8,20,15,4,2,Night
8,20,20,4,2,Night
10,0,5,4,2,Night
10,0,10,4,2,Night
10,0,15,4,2,Night
10,0,20,4,2,Night
10,2,5,4,2,Night
10,2,10,4,2,Night
10,2,15,4,2,Night
10,2,20,4,2,Night
10,5,5,4,2,Night
10,5,10,4,2,Night
10,5,15,4,2,Night
10,5,20,4,2,Night
10,10,5,4,2,Night
10,10,10,4,2,Night
10,10,15,4,2,Night
10,10,20,4,2,Night
10,15,5,4,2,Night
10,15,10,4,2,Night
10,15,15,4,2,Night
10,15,20,4,2,Night
10,20,5,4,2,Night
10,20,10,4,2,Night
10,20,15,4,2,Night
10,20,20,4,2,Night
12,0,5,4,2,Night
12,0,10,4,2,Night
12,0,15,4,2,Night
12,0,20,4,2,Night
12,2,5,4,2,Night
12,2,10,4,2,Night
12,2,15,4,2,Night
12,2,20,4,2,Night
12,5,5,4,2,Night
12,5,10,4,2,Night
12,5,15,4,2,Night
12,5,20,4,2,Night
12,10,5,4,2,Night
12,10,10,4,2,Night
12,10,15,4,2,Night
12,10,20,4,2,Night
12,15,5,4,2,Night
12,15,10,4,2,Night
12,15,15,4,2,Night
12,15,20,4,2,Night
12,20,5,4,2,Night
12,20,10,4,2,Night
12,20,15,4,2,Night
12,20,20,4,2,Night
15,0,5,4,2,Night
15,0,10,4,2,Night
15,0,15,4,2,Night
15,0,20,4,2,Night
15,2,5,4,2,Night
15,2,10,4,2,Night
15,2,15,4,2,Night
15,2,20,4,2,Night
15,5,5,4,2,Night
15,5,10,4,2,Night
15,5,15,4,2,Night
15,5,20,4,2,Night
15,10,5,4,2,Night
15,10,10,4,2,Night
15,10,15,4,2,Night
15,10,20,4,2,Night
15,15,5,4,2,Night
15,15,10,4,2,Night
15,15,15,4,2,Night
15,15,20,4,2,Night
15,20,5,4,2,Night
15,20,10,4,2,Night
15,20,15,4,2,Night
15,20,20,4,2,Night
18,0,5,4,2,Night
18,0,10,4,2,Night
18,0,15,4,2,Night
18,0,20,4,2,Night
18,2,5,4,2,Night
18,2,10,4,2,Night
18,2,15,4,2,Night
18,2,20,4,2,Night
18,5,5,4,2,Night
18,5,10,4,2,Night
18,5,15,4,2,Night
18,5,20,4,2,Night
18,10,5,4,2,Night
18,10,10,4,2,Night
18,10,15,4,2,Night
18,10,20,4,2,Night
18,15,5,4,2,Night
18,15,10,4,2,Night
18,15,15,4,2,Night
18,15,20,4,2,Night
18,20,5,4,2,Night
18,20,10,4,2,Night
18,20,15,4,2,Night
18,20,20,4,2,Night
20,0,5,4,2,Night
20,0,10,4,2,Night
20,0,15,4,2,Night
20,0,20,4,2,Night
20,2,5,4,2,Night
20,2,10,4,2,Night
20,2,15,4,2,Night
20,2,20,4,2,Night
20,5,5,4,2,Night
20,5,10,4,2,Night
20,5,15,4,2,Night
20,5,20,4,2,Night
20,10,5,4,2,Night
20,10,10,4,2,Night
20,10,15,4,2,Night
20,10,20,4,2,Night
20,15,5,4,2,Night
20,15,10,4,2,Night
20,15,15,4,2,Night
20,15,20,4,2,Night
20,20,5,4,2,Night
20,20,10,4,2,Night
20,20,15,4,2,Night
20,20,20,4,2,Night
0,0,5,5,2,Night
0,0,10,5,2,Night
0,0,15,5,2,Night
0,0,20,5,2,Night
0,2,5,5,2,Night
0,2,10,5,2,Night
0,2,15,5,2,Night
0,2,20,5,2,Night
0,5,5,5,2,Night
0,5,10,5,2,Night
0,5,15,5,2,Night
0,5,20,5,2,Night
0,10,5,5,2,Night
0,10,10,5,2,Night
0,10,15,5,2,Night
0,10,20,5,2,Night
0,15,5,5,2,Night
0,15,10,5,2,Night
0,15,15,5,2,Night
0,15,20,5,2,Night
0,20,5,5,2,Night
0,20,10,5,2,Night
0,20,15,5,2,Night
0,20,20,5,2,Night
5,0,5,5,2,Night
5,0,10,5,2,Night
5,0,15,5,2,Night
5,0,20,5,2,Night
5,2,5,5,2,Night
5,2,10,5,2,Night
5,2,15,5,2,Night
5,2,20,5,2,Night
5,5,5,5,2,Night
5,5,10,5,2,Night
5,5,15,5,2,Night
5,5,20,5,2,Night
5,10,5,5,2,Night
5,10,10,5,2,Night
5,10,15,5,2,Night
5,10,20,5,2,Night
5,15,5,5,2,Night
5,15,10,5,2,Night
5,15,15,5,2,Night
5,15,20,5,2,Night
5,20,5,5,2,Night
5,20,10,5,2,Night
5,20,15,5,2,Night
5,20,20,5,2,Night
8,0,5,5,2,Night
8,0,10,5,2,Night
8,0,15,5,2,Night
8,0,20,5,2,Night
8,2,5,5,2,Night
8,2,10,5,2,Night
8,2,15,5,2,Night
8,2,20,5,2,Night
8,5,5,5,2,Night
8,5,10,5,2,Night
8,5,15,5,2,Night
8,5,20,5,2,Night
8,10,5,5,2,Night
8,10,10,5,2,Night
8,10,15,5,2,Night
8,10,20,5,2,Night
8,15,5,5,2,Night
8,15,10,5,2,Night
8,15,15,5,2,Night
8,15,20,5,2,Night
8,20,5,5,2,Night
8,20,10,5,2,Night
8,20,15,5,2,Night
8,20,20,5,2,Night
10,0,5,5,2,Night
10,0,10,5,2,Night
10,0,15,5,2,Night
10,0,20,5,2,Night
10,2,5,5,2,Night
10,2,10,5,2,Night
10,2,15,5,2,Night
10,2,20,5,2,Night
10,5,5,5,2,Night
10,5,10,5,2,Night
10,5,15,5,2,Night
10,5,20,5,2,Night
10,10,5,5,2,Night
10,10,10,5,2,Night
10,10,15,5,2,Night
10,10,20,5,2,Night
10,15,5,5,2,Night
10,15,10,5,2,Night
10,15,15,5,2,Night
10,15,20,5,2,Night
10,20,5,5,2,Night
10,20,10,5,2,Night
10,20,15,5,2,Night
10,20,20,5,2,Night
12,0,5,5,2,Night
12,0,10,5,2,Night
12,0,15,5,2,Night
12,0,20,5,2,Night
12,2,5,5,2,Night
12,2,10,5,2,Night
12,2,15,5,2,Night
12,2,20,5,2,Night
12,5,5,5,2,Night
12,5,10,5,2,Night
12,5,15,5,2,Night
12,5,20,5,2,Night
12,10,5,5,2,Night
12,10,10,5,2,Night
12,10,15,5,2,Night
12,10,20,5,2,Night
12,15,5,5,2,Night
12,15,10,5,2,Night
12,15,15,5,2,Night
12,15,20,5,2,Night
12,20,5,5,2,Night
12,20,10,5,2,Night
12,20,15,5,2,Night
12,20,20,5,2,Night
15,0,5,5,2,Night
15,0,10,5,2,Night
15,0,15,5,2,Night
15,0,20,5,2,Night
15,2,5,5,2,Night
15,2,10,5,2,Night
15,2,15,5,2,Night
15,2,20,5,2,Night
15,5,5,5,2,Night
15,5,10,5,2,Night
15,5,15,5,2,Night
15,5,20,5,2,Night
15,10,5,5,2,Night
15,10,10,5,2,Night
15,10,15,5,2,Night
15,10,20,5,2,Night
15,15,5,5,2,Night
15,15,10,5,2,Night
15,15,15,5,2,Night
15,15,20,5,2,Night
15,20,5,5,2,Night
15,20,10,5,2,Night
15,20,15,5,2,Night
15,20,20,5,2,Night
18,0,5,5,2,Night
18,0,10,5,2,Night
18,0,15,5,2,Night
18,0,20,5,2,Night
18,2,5,5,2,Night
18,2,10,5,2,Night
18,2,15,5,2,Night
18,2,20,5,2,Night
18,5,5,5,2,Night
18,5,10,5,2,Night
18,5,15,5,2,Night
18,5,20,5,2,Night
18,10,5,5,2,Night
18,10,10,5,2,Night
18,10,15,5,2,Night
18,10,20,5,2,Night
18,15,5,5,2,Night
18,15,10,5,2,Night
18,15,15,5,2,Night
18,15,20,5,2,Night
18,20,5,5,2,Night
18,20,10,5,2,Night
18,20,15,5,2,Night
18,20,20,5,2,Night
20,0,5,5,2,Night
20,0,10,5,2,Night
20,0,15,5,2,Night
20,0,20,5,2,Night
20,2,5,5,2,Night
20,2,10,5,2,Night
20,2,15,5,2,Night
20,2,20,5,2,Night
20,5,5,5,2,Night
20,5,10,5,2,Night
20,5,15,5,2,Night
20,5,20,5,2,Night
20,10,5,5,2,Night
20,10,10,5,2,Night
20,10,15,5,2,Night
20,10,20,5,2,Night
20,15,5,5,2,Night
20,15,10,5,2,Night
20,15,15,5,2,Night
20,15,20,5,2,Night
20,20,5,5,2,Night
20,20,10,5,2,Night
20,20,15,5,2,Night
20,20,20,5,2,Night
